# Population Johnston_Atoll	Etelis_A163,Etelis_B70,Etelis_S29,Etelis_S36
# Population MHI	Etelis_ECO244,Etelis_ECO245,Etelis_ECO246,Etelis_ECO247,Etelis_ECO248,Etelis_ECO250,Etelis_ECO251,Etelis_ECO252,Etelis_ECO253,Etelis_ECO254,Etelis_ECO255,Etelis_ECO256,Etelis_ECO257,Etelis_ECO529
# Population NWHI	Etelis_ECO258,Etelis_ECO259,Etelis_ECO260,Etelis_ECO261,Etelis_ECO262,Etelis_ECO263,Etelis_ECO264,Etelis_ECO265,Etelis_ECO266,Etelis_ECO267,Etelis_ECO287,Etelis_ECO289,Etelis_ECO291,Etelis_ECO292,Etelis_ECO293,Etelis_ECO313,Etelis_ECO322,Etelis_ECO324,Etelis_ECO331,Etelis_ECO335,Etelis_ECO336,Etelis_ECO343,Etelis_ECO345,Etelis_ECO347,Etelis_ECO348,Etelis_ECO350,Etelis_ECO355
# Population Japan	Etelis_JAP01,Etelis_JAP02,Etelis_JAP03,Etelis_JAP04,Etelis_JAP05,Etelis_JAP06,Etelis_JAP07,Etelis_JAP08,Etelis_JAP09,Etelis_JAP10,Etelis_JAP11,Etelis_JAP12,Etelis_JAP14,Etelis_JAP15
# Group defaultgrp	Johnston_Atoll,MHI,NWHI,Japan
# Locus ID	Chr	BP	phi_st	Smoothed Phi_st	Fst'	Smoothed Fst'	D_est	Smoothed D_est
43	un	1	0.02223	-1.00000	0.00124	-1.00000	-0.00107	-1.00000
90	un	645	-0.00431	-1.00000	-0.00068	-1.00000	0.00013	-1.00000
375	un	1000	-0.00643	-1.00000	-0.00351	-1.00000	-0.00662	-1.00000
393	un	1302	-0.00552	-1.00000	0.00263	-1.00000	0.00399	-1.00000
468	un	1635	0.01737	-1.00000	0.00063	-1.00000	-0.00216	-1.00000
469	un	1938	-0.00789	-1.00000	0.00056	-1.00000	0.00145	-1.00000
521	un	2542	-0.00398	-1.00000	-0.00039	-1.00000	0.00155	-1.00000
653	un	2842	0.00445	-1.00000	0.00030	-1.00000	-0.00239	-1.00000
666	un	3144	0.01440	-1.00000	0.00076	-1.00000	-0.00272	-1.00000
718	un	3445	-0.01527	-1.00000	-0.00445	-1.00000	0.00832	-1.00000
722	un	3749	0.00230	-1.00000	0.00021	-1.00000	-0.00421	-1.00000
843	un	4062	0.00375	-1.00000	-0.00007	-1.00000	-0.00124	-1.00000
872	un	4364	-0.01240	-1.00000	-0.01082	-1.00000	-0.01421	-1.00000
921	un	5322	-0.01101	-1.00000	-0.00500	-1.00000	-0.00438	-1.00000
1011	un	5642	-0.00913	-1.00000	-0.00077	-1.00000	0.00039	-1.00000
1047	un	5949	0.00277	-1.00000	0.00005	-1.00000	0.00000	-1.00000
1053	un	6298	0.00277	-1.00000	0.00005	-1.00000	0.00000	-1.00000
1054	un	6598	0.09135	-1.00000	0.05179	-1.00000	0.07035	-1.00000
1150	un	6917	-0.02362	-1.00000	-0.00054	-1.00000	0.00018	-1.00000
1227	un	7233	-0.00240	-1.00000	0.00152	-1.00000	-0.00196	-1.00000
1252	un	7614	-0.01037	-1.00000	-0.00058	-1.00000	-0.00011	-1.00000
1284	un	7919	-0.00250	-1.00000	0.01183	-1.00000	0.03111	-1.00000
1287	un	8297	-0.00913	-1.00000	-0.00077	-1.00000	0.00039	-1.00000
1357	un	8633	-0.02362	-1.00000	-0.00040	-1.00000	0.00000	-1.00000
1407	un	9259	-0.01874	-1.00000	-0.00370	-1.00000	0.00020	-1.00000
1437	un	9563	0.00648	-1.00000	0.00195	-1.00000	-0.00333	-1.00000
1500	un	9889	0.06924	-1.00000	0.00228	-1.00000	-0.00081	-1.00000
1524	un	10191	-0.02313	-1.00000	-0.00135	-1.00000	-0.00056	-1.00000
1607	un	10529	-0.00789	-1.00000	-0.00027	-1.00000	0.00036	-1.00000
1608	un	10830	0.00062	-1.00000	0.00220	-1.00000	-0.00044	-1.00000
1617	un	11247	0.06924	-1.00000	0.00228	-1.00000	-0.00081	-1.00000
1680	un	11554	0.04127	-1.00000	0.00582	-1.00000	0.00645	-1.00000
1689	un	11883	-0.00989	-1.00000	-0.00448	-1.00000	-0.00173	-1.00000
1738	un	12674	-0.02362	-1.00000	-0.00040	-1.00000	0.00000	-1.00000
1744	un	12977	0.02980	-1.00000	0.00111	-1.00000	0.00338	-1.00000
1921	un	13642	-0.03052	-1.00000	-0.00384	-1.00000	-0.00072	-1.00000
1931	un	13965	0.05666	-1.00000	0.00181	-1.00000	-0.00042	-1.00000
1985	un	14335	-0.01816	-1.00000	-0.00218	-1.00000	-0.00049	-1.00000
2036	un	14637	-0.00149	-1.00000	-0.00831	-1.00000	-0.01122	-1.00000
2142	un	14937	0.00664	-1.00000	-0.00390	-1.00000	-0.00850	-1.00000
2435	un	16050	-0.00983	-1.00000	-0.00267	-1.00000	0.00029	-1.00000
2456	un	16351	0.03312	-1.00000	-0.00063	-1.00000	-0.00402	-1.00000
2508	un	16746	-0.00619	-1.00000	-0.00008	-1.00000	0.00231	-1.00000
2514	un	17134	-0.01698	-1.00000	-0.00105	-1.00000	0.00020	-1.00000
2532	un	17436	-0.00598	-1.00000	-0.00002	-1.00000	0.00046	-1.00000
2605	un	17738	-0.02240	-1.00000	-0.01449	-1.00000	-0.02520	-1.00000
2643	un	18340	0.00971	-1.00000	0.00230	-1.00000	-0.00251	-1.00000
2665	un	18641	-0.00253	-1.00000	-0.00132	-1.00000	-0.00032	-1.00000
2694	un	18944	-0.02240	-1.00000	-0.00104	-1.00000	0.00059	-1.00000
2787	un	19279	0.00277	-1.00000	-0.00012	-1.00000	-0.00022	-1.00000
2836	un	19579	-0.01226	-1.00000	-0.00424	-1.00000	-0.00746	-1.00000
2872	un	19952	-0.01053	-1.00000	-0.00134	-1.00000	0.00099	-1.00000
2922	un	20258	0.03262	-1.00000	0.00343	-1.00000	-0.00446	-1.00000
2963	un	20559	0.05232	-1.00000	0.02282	-1.00000	0.02653	-1.00000
2966	un	20866	-0.00851	-1.00000	0.00128	-1.00000	0.00267	-1.00000
2981	un	21177	-0.01359	-1.00000	-0.00326	-1.00000	0.00221	-1.00000
3014	un	21463	-0.00431	-1.00000	-0.00068	-1.00000	0.00013	-1.00000
3032	un	21765	0.06924	-1.00000	0.00228	-1.00000	-0.00081	-1.00000
3077	un	22124	0.00817	-1.00000	0.00101	-1.00000	0.00418	-1.00000
3121	un	22491	-0.00851	-1.00000	0.00088	-1.00000	0.00931	-1.00000
3138	un	22904	0.01445	-1.00000	-0.00024	-1.00000	-0.00354	-1.00000
3302	un	23211	-0.00696	-1.00000	-0.00049	-1.00000	0.00083	-1.00000
3325	un	23515	0.01965	-1.00000	0.00160	-1.00000	-0.00173	-1.00000
3337	un	23856	0.00277	-1.00000	0.00005	-1.00000	0.00000	-1.00000
3415	un	24157	0.01578	-1.00000	0.00148	-1.00000	-0.00199	-1.00000
3481	un	24794	0.00277	-1.00000	0.00005	-1.00000	0.00000	-1.00000
3503	un	25096	0.03054	-1.00000	0.00315	-1.00000	0.00279	-1.00000
3559	un	25398	-0.00645	-1.00000	-0.00210	-1.00000	0.00015	-1.00000
3563	un	25793	0.01234	-1.00000	0.00322	-1.00000	0.00356	-1.00000
3633	un	26094	0.01116	-1.00000	0.00108	-1.00000	0.00190	-1.00000
3700	un	26401	0.00573	-1.00000	-0.00316	-1.00000	-0.01537	-1.00000
3731	un	26706	0.00350	-1.00000	-0.00169	-1.00000	0.00037	-1.00000
3753	un	27064	0.00060	-1.00000	0.00659	-1.00000	0.01145	-1.00000
3807	un	27641	0.00277	-1.00000	0.00005	-1.00000	0.00000	-1.00000
3838	un	27948	0.01391	-1.00000	0.00200	-1.00000	0.00545	-1.00000
3844	un	28250	0.01323	-1.00000	-0.00102	-1.00000	0.00066	-1.00000
3860	un	28554	-0.00570	-1.00000	-0.00094	-1.00000	0.00324	-1.00000
3949	un	29197	-0.02340	-1.00000	-0.00118	-1.00000	-0.00016	-1.00000
4093	un	29500	-0.00431	-1.00000	-0.00068	-1.00000	0.00013	-1.00000
4105	un	29801	0.00924	-1.00000	-0.00126	-1.00000	-0.00556	-1.00000
4113	un	30128	0.00277	-1.00000	0.00005	-1.00000	0.00000	-1.00000
4134	un	30428	0.02691	-1.00000	0.00034	-1.00000	-0.00391	-1.00000
4181	un	30729	-0.00427	-1.00000	-0.00203	-1.00000	-0.00421	-1.00000
4244	un	31030	0.01122	-1.00000	0.01309	-1.00000	0.01528	-1.00000
4333	un	31492	-0.00142	-1.00000	-0.00134	-1.00000	-0.00537	-1.00000
4388	un	31794	-0.01952	-1.00000	-0.00142	-1.00000	0.00114	-1.00000
4401	un	32112	0.01118	-1.00000	0.00070	-1.00000	-0.00262	-1.00000
4402	un	32413	-0.01477	-1.00000	-0.00095	-1.00000	-0.00005	-1.00000
4409	un	32717	-0.02362	-1.00000	-0.00041	-1.00000	0.00054	-1.00000
4527	un	33346	-0.01037	-1.00000	-0.00058	-1.00000	-0.00011	-1.00000
4538	un	33647	-0.01492	-1.00000	0.00012	-1.00000	0.00552	-1.00000
4598	un	33948	0.00024	-1.00000	0.00084	-1.00000	-0.01537	-1.00000
4632	un	34197	-0.01037	-1.00000	-0.00058	-1.00000	-0.00011	-1.00000
4711	un	34499	-0.02614	-1.00000	-0.01846	-1.00000	-0.03621	-1.00000
4822	un	34804	0.01090	-1.00000	0.00359	-1.00000	0.00447	-1.00000
4826	un	35203	-0.01000	-1.00000	-0.00193	-1.00000	0.00142	-1.00000
4833	un	35504	-0.00497	-1.00000	0.00063	-1.00000	0.00203	-1.00000
4860	un	35805	0.04727	-1.00000	0.03656	-1.00000	0.01338	-1.00000
4872	un	36026	-0.01122	-1.00000	-0.00076	-1.00000	-0.00803	-1.00000
4882	un	36418	0.08705	-1.00000	0.00709	-1.00000	0.00589	-1.00000
4956	un	36719	0.00034	-1.00000	-0.00039	-1.00000	-0.00525	-1.00000
5028	un	37055	-0.01719	-1.00000	-0.00081	-1.00000	0.00071	-1.00000
5214	un	37662	-0.00966	-1.00000	-0.00031	-1.00000	-0.00393	-1.00000
5228	un	38030	-0.00566	-1.00000	0.00022	-1.00000	0.00002	-1.00000
5440	un	38334	0.01406	-1.00000	0.00357	-1.00000	0.00281	-1.00000
5508	un	38639	0.00947	-1.00000	-0.00047	-1.00000	-0.00378	-1.00000
5522	un	39039	0.00947	-1.00000	-0.00047	-1.00000	-0.00335	-1.00000
5657	un	39359	-0.00571	-1.00000	0.00174	-1.00000	0.00409	-1.00000
5664	un	39764	-0.01037	-1.00000	-0.00058	-1.00000	-0.00011	-1.00000
5670	un	40065	-0.03924	-1.00000	-0.04067	-1.00000	-0.06264	-1.00000
5689	un	40445	-0.02362	-1.00000	-0.00054	-1.00000	0.00018	-1.00000
5767	un	40741	-0.01943	-1.00000	-0.00284	-1.00000	0.00019	-1.00000
5944	un	41344	-0.01015	-1.00000	-0.00089	-1.00000	-0.00033	-1.00000
6408	un	41938	-0.02329	-1.00000	-0.00080	-1.00000	-0.00023	-1.00000
6538	un	42260	-0.02132	-1.00000	-0.00795	-1.00000	-0.01610	-1.00000
6585	un	42737	-0.01750	-1.00000	0.00114	-1.00000	0.00542	-1.00000
6597	un	43043	0.01557	-1.00000	0.00249	-1.00000	-0.00405	-1.00000
6673	un	43344	0.13293	-1.00000	0.00240	-1.00000	0.00000	-1.00000
6800	un	43644	0.00475	-1.00000	0.00013	-1.00000	0.00312	-1.00000
6848	un	44000	0.04436	-1.00000	0.00157	-1.00000	0.00137	-1.00000
6868	un	44304	-0.00182	-1.00000	-0.00382	-1.00000	-0.01113	-1.00000
6883	un	44608	-0.02340	-1.00000	-0.00118	-1.00000	-0.00016	-1.00000
6976	un	44928	0.03890	-1.00000	0.00144	-1.00000	-0.00136	-1.00000
7005	un	45328	-0.01477	-1.00000	-0.00095	-1.00000	-0.00005	-1.00000
7031	un	45659	-0.01660	-1.00000	-0.00112	-1.00000	-0.00044	-1.00000
7158	un	46531	-0.02340	-1.00000	-0.00118	-1.00000	-0.00016	-1.00000
7328	un	46833	-0.01037	-1.00000	-0.00058	-1.00000	-0.00011	-1.00000
7342	un	47135	0.01153	-1.00000	0.00182	-1.00000	-0.00016	-1.00000
7384	un	47456	-0.02157	-1.00000	-0.00112	-1.00000	-0.00009	-1.00000
7460	un	47762	0.00277	-1.00000	0.00005	-1.00000	0.00000	-1.00000
7490	un	48124	0.00277	-1.00000	0.00005	-1.00000	0.00000	-1.00000
7592	un	48504	-0.02362	-1.00000	-0.00040	-1.00000	0.00000	-1.00000
7641	un	49117	-0.02362	-1.00000	-0.00040	-1.00000	0.00000	-1.00000
7650	un	49484	0.02022	-1.00000	0.00367	-1.00000	-0.00277	-1.00000
7687	un	49786	-0.01760	-1.00000	-0.00195	-1.00000	0.00002	-1.00000
7748	un	50091	-0.01684	-1.00000	-0.00228	-1.00000	-0.00030	-1.00000
7794	un	50479	-0.00216	-1.00000	-0.00652	-1.00000	-0.00882	-1.00000
7802	un	50782	-0.01037	-1.00000	-0.00058	-1.00000	-0.00011	-1.00000
7866	un	51085	-0.00431	-1.00000	-0.00068	-1.00000	0.00013	-1.00000
7877	un	51387	-0.02329	-1.00000	-0.00080	-1.00000	-0.00023	-1.00000
7882	un	51687	-0.01208	-1.00000	-0.00644	-1.00000	-0.00866	-1.00000
8063	un	52084	0.00277	-1.00000	0.00083	-1.00000	0.00069	-1.00000
8167	un	52390	-0.01357	-1.00000	-0.00274	-1.00000	-0.00048	-1.00000
8221	un	52690	-0.00839	-1.00000	-0.00240	-1.00000	0.00175	-1.00000
8266	un	53021	-0.00240	-1.00000	0.00056	-1.00000	0.00310	-1.00000
8341	un	53323	0.03490	-1.00000	-0.00024	-1.00000	-0.00322	-1.00000
8397	un	53623	-0.02362	-1.00000	-0.00040	-1.00000	0.00000	-1.00000
8403	un	53928	0.03890	-1.00000	0.00144	-1.00000	-0.00136	-1.00000
8473	un	54324	0.04499	-1.00000	0.00820	-1.00000	0.00535	-1.00000
8735	un	54625	-0.01285	-1.00000	-0.00184	-1.00000	-0.00062	-1.00000
8741	un	55034	-0.01486	-1.00000	-0.00106	-1.00000	0.00140	-1.00000
8783	un	55441	0.03036	-1.00000	0.00147	-1.00000	-0.00065	-1.00000
8899	un	55743	0.00423	-1.00000	0.00073	-1.00000	0.00236	-1.00000
8904	un	56093	-0.01806	-1.00000	-0.00433	-1.00000	-0.00863	-1.00000
8919	un	57006	-0.01451	-1.00000	-0.00025	-1.00000	0.00035	-1.00000
8927	un	57267	-0.02025	-1.00000	-0.01501	-1.00000	-0.02156	-1.00000
8969	un	57568	-0.00789	-1.00000	-0.00027	-1.00000	0.00036	-1.00000
9006	un	57885	-0.02362	-1.00000	-0.00040	-1.00000	0.00000	-1.00000
9178	un	58185	0.03851	-1.00000	0.00398	-1.00000	0.00723	-1.00000
9295	un	58808	-0.02362	-1.00000	-0.00054	-1.00000	0.00018	-1.00000
9298	un	59108	0.00755	-1.00000	0.00041	-1.00000	-0.00500	-1.00000
9309	un	59434	0.03054	-1.00000	0.00120	-1.00000	0.00095	-1.00000
9349	un	59736	-0.00598	-1.00000	-0.00058	-1.00000	-0.00011	-1.00000
9363	un	60101	0.05666	-1.00000	0.00181	-1.00000	-0.00042	-1.00000
9467	un	60441	-0.01214	-1.00000	-0.00274	-1.00000	-0.00048	-1.00000
9621	un	60794	-0.02988	-1.00000	-0.00229	-1.00000	-0.00096	-1.00000
9689	un	61157	-0.01428	-1.00000	-0.00749	-1.00000	-0.00796	-1.00000
9767	un	61460	-0.01037	-1.00000	-0.00058	-1.00000	-0.00011	-1.00000
9848	un	61766	-0.00683	-1.00000	-0.00425	-1.00000	-0.00868	-1.00000
9868	un	62070	0.02361	-1.00000	0.00257	-1.00000	0.00216	-1.00000
9892	un	62377	0.02817	-1.00000	0.00687	-1.00000	-0.00100	-1.00000
9958	un	62681	-0.01826	-1.00000	-0.00033	-1.00000	0.00134	-1.00000
10258	un	63326	-0.01023	-1.00000	-0.00086	-1.00000	0.00047	-1.00000
10353	un	64026	-0.02329	-1.00000	-0.00080	-1.00000	-0.00023	-1.00000
10531	un	64351	0.00917	-1.00000	0.00261	-1.00000	-0.00182	-1.00000
10617	un	64654	-0.02329	-1.00000	-0.00080	-1.00000	-0.00023	-1.00000
10733	un	64955	-0.02340	-1.00000	-0.00058	-1.00000	-0.00011	-1.00000
10807	un	65260	-0.03924	-1.00000	-0.04067	-1.00000	-0.06264	-1.00000
10814	un	65560	0.06924	-1.00000	0.00228	-1.00000	-0.00081	-1.00000
10906	un	66348	0.01440	-1.00000	0.00076	-1.00000	-0.00272	-1.00000
10919	un	66651	-0.00866	-1.00000	-0.00215	-1.00000	0.00053	-1.00000
10938	un	67030	0.00664	-1.00000	-0.00109	-1.00000	0.00019	-1.00000
11007	un	67348	0.02526	-1.00000	0.01086	-1.00000	-0.01277	-1.00000
11063	un	67648	-0.00881	-1.00000	-0.00290	-1.00000	-0.00655	-1.00000
11094	un	67948	-0.03924	-1.00000	-0.04067	-1.00000	-0.06264	-1.00000
11105	un	68149	-0.01369	-1.00000	-0.00228	-1.00000	-0.00030	-1.00000
11114	un	68449	-0.02362	-1.00000	-0.00054	-1.00000	0.00018	-1.00000
11181	un	68751	0.01468	-1.00000	0.02103	-1.00000	0.03577	-1.00000
11574	un	69791	-0.00803	-1.00000	-0.00110	-1.00000	-0.00456	-1.00000
11578	un	70092	-0.01477	-1.00000	-0.00095	-1.00000	-0.00005	-1.00000
11633	un	70482	0.19194	-1.00000	0.01044	-1.00000	0.01934	-1.00000
11637	un	70749	-0.01688	-1.00000	-0.00192	-1.00000	-0.00055	-1.00000
11756	un	71067	0.00795	-1.00000	0.00042	-1.00000	0.00108	-1.00000
11818	un	71343	-0.02340	-1.00000	-0.00118	-1.00000	-0.00016	-1.00000
11851	un	71677	-0.01089	-1.00000	0.00054	-1.00000	0.00628	-1.00000
11867	un	72015	-0.01451	-1.00000	-0.00122	-1.00000	-0.00057	-1.00000
11891	un	72316	-0.01886	-1.00000	-0.00423	-1.00000	0.00020	-1.00000
12010	un	72935	-0.00598	-1.00000	-0.00002	-1.00000	0.00046	-1.00000
12020	un	73238	0.00686	-1.00000	0.00284	-1.00000	-0.00274	-1.00000
12106	un	73540	0.01440	-1.00000	0.00076	-1.00000	-0.00272	-1.00000
12216	un	74226	0.00277	-1.00000	0.00005	-1.00000	0.00000	-1.00000
12226	un	74596	-0.01037	-1.00000	-0.00062	-1.00000	0.00042	-1.00000
12494	un	75545	0.00679	-1.00000	0.00211	-1.00000	0.00522	-1.00000
12581	un	75768	-0.01037	-1.00000	-0.00058	-1.00000	-0.00011	-1.00000
12608	un	76185	-0.00177	-1.00000	0.00388	-1.00000	0.00551	-1.00000
12771	un	76490	-0.01037	-1.00000	-0.00062	-1.00000	0.00042	-1.00000
12818	un	77161	-0.00743	-1.00000	0.00012	-1.00000	0.00185	-1.00000
13265	un	77444	-0.02362	-1.00000	-0.00040	-1.00000	0.00000	-1.00000
13524	un	77746	-0.02362	-1.00000	-0.00040	-1.00000	0.00000	-1.00000
13596	un	78089	0.00277	-1.00000	0.00005	-1.00000	0.00000	-1.00000
13707	un	78460	-0.00773	-1.00000	-0.00151	-1.00000	-0.00027	-1.00000
13840	un	78761	0.00509	-1.00000	-0.00164	-1.00000	-0.01204	-1.00000
13921	un	79546	-0.02157	-1.00000	-0.00112	-1.00000	-0.00009	-1.00000
13961	un	79846	-0.01301	-1.00000	-0.00095	-1.00000	0.00056	-1.00000
13974	un	80219	-0.00789	-1.00000	-0.00027	-1.00000	0.00036	-1.00000
13980	un	80519	-0.01451	-1.00000	-0.00089	-1.00000	-0.00022	-1.00000
14050	un	80998	0.09077	-1.00000	0.00228	-1.00000	-0.00081	-1.00000
14196	un	81298	-0.02249	-1.00000	-0.00141	-1.00000	0.00072	-1.00000
14401	un	81604	-0.02362	-1.00000	-0.00040	-1.00000	0.00000	-1.00000
14403	un	81905	-0.02340	-1.00000	-0.00118	-1.00000	-0.00016	-1.00000
14455	un	82508	0.08089	-1.00000	0.02651	-1.00000	0.02353	-1.00000
14778	un	82792	-0.01451	-1.00000	-0.00025	-1.00000	0.00035	-1.00000
14827	un	83185	0.03624	-1.00000	0.00402	-1.00000	-0.00551	-1.00000
14884	un	83487	0.00277	-1.00000	0.00005	-1.00000	0.00000	-1.00000
14907	un	83788	-0.02329	-1.00000	-0.00080	-1.00000	-0.00023	-1.00000
14910	un	84129	-0.00727	-1.00000	-0.00057	-1.00000	0.00150	-1.00000
14925	un	84437	0.06924	-1.00000	0.00228	-1.00000	-0.00081	-1.00000
14947	un	84739	-0.01347	-1.00000	-0.00039	-1.00000	0.00196	-1.00000
14975	un	85145	-0.00811	-1.00000	0.00008	-1.00000	0.00207	-1.00000
15008	un	85448	0.01082	-1.00000	0.00208	-1.00000	-0.00302	-1.00000
15171	un	85811	-0.02362	-1.00000	-0.00054	-1.00000	0.00018	-1.00000
15186	un	86141	0.00100	-1.00000	-0.00219	-1.00000	-0.00890	-1.00000
15195	un	86457	0.03890	-1.00000	0.00144	-1.00000	-0.00136	-1.00000
15244	un	86836	0.00277	-1.00000	0.00083	-1.00000	0.00069	-1.00000
15250	un	87137	0.01696	-1.00000	0.00385	-1.00000	0.00749	-1.00000
15308	un	87442	-0.01895	-1.00000	-0.00257	-1.00000	-0.00049	-1.00000
15354	un	87759	0.04924	-1.00000	0.00569	-1.00000	0.00226	-1.00000
15473	un	88060	0.01425	-1.00000	0.00023	-1.00000	0.00075	-1.00000
15547	un	88817	-0.01535	-1.00000	-0.01379	-1.00000	-0.02476	-1.00000
15571	un	89118	0.01785	-1.00000	0.00291	-1.00000	-0.00672	-1.00000
15585	un	89419	-0.01037	-1.00000	-0.00058	-1.00000	-0.00011	-1.00000
15604	un	89720	-0.02340	-1.00000	-0.00118	-1.00000	-0.00016	-1.00000
15636	un	90025	-0.00849	-1.00000	-0.00249	-1.00000	-0.00036	-1.00000
15683	un	90450	-0.00062	-1.00000	-0.01186	-1.00000	-0.02134	-1.00000
15893	un	90887	-0.00566	-1.00000	0.00022	-1.00000	0.00002	-1.00000
15933	un	91190	0.05617	-1.00000	0.00698	-1.00000	0.01141	-1.00000
15934	un	91465	-0.01396	-1.00000	-0.00058	-1.00000	0.00083	-1.00000
16189	un	91887	0.00282	-1.00000	0.00586	-1.00000	0.01420	-1.00000
16297	un	92592	0.03890	-1.00000	0.00144	-1.00000	-0.00136	-1.00000
16308	un	92983	-0.00598	-1.00000	-0.00100	-1.00000	-0.00045	-1.00000
16353	un	93322	-0.02065	-1.00000	-0.00230	-1.00000	-0.00738	-1.00000
16395	un	93742	-0.00582	-1.00000	0.00013	-1.00000	0.00078	-1.00000
16454	un	94343	0.00362	-1.00000	-0.00045	-1.00000	-0.00252	-1.00000
16520	un	94738	-0.00598	-1.00000	-0.00002	-1.00000	0.00046	-1.00000
16578	un	95010	-0.02329	-1.00000	-0.00080	-1.00000	-0.00023	-1.00000
16604	un	95314	0.00207	-1.00000	0.00012	-1.00000	-0.00245	-1.00000
16613	un	95616	-0.02362	-1.00000	-0.00040	-1.00000	0.00000	-1.00000
16694	un	95995	-0.00486	-1.00000	-0.00164	-1.00000	-0.00648	-1.00000
16832	un	96401	0.01302	-1.00000	-0.00214	-1.00000	-0.01211	-1.00000
16945	un	96723	0.00277	-1.00000	-0.00012	-1.00000	-0.00022	-1.00000
17047	un	97025	0.00277	-1.00000	0.00005	-1.00000	0.00000	-1.00000
17094	un	97428	-0.00913	-1.00000	-0.00077	-1.00000	0.00039	-1.00000
17115	un	97819	-0.02004	-1.00000	-0.01586	-1.00000	-0.03002	-1.00000
17227	un	98238	-0.00812	-1.00000	-0.00457	-1.00000	0.00456	-1.00000
17378	un	98842	-0.00789	-1.00000	-0.00027	-1.00000	0.00036	-1.00000
17402	un	99147	0.01126	-1.00000	0.00062	-1.00000	-0.00373	-1.00000
17434	un	99448	0.01185	-1.00000	0.00118	-1.00000	0.00326	-1.00000
17531	un	99847	0.02223	-1.00000	0.00124	-1.00000	-0.00107	-1.00000
17542	un	100256	-0.01140	-1.00000	-0.00039	-1.00000	0.00196	-1.00000
17547	un	100560	0.02304	-1.00000	-0.00133	-1.00000	-0.00402	-1.00000
17673	un	100884	0.00475	-1.00000	-0.00191	-1.00000	0.00235	-1.00000
17716	un	101227	0.00706	-1.00000	0.00062	-1.00000	-0.00368	-1.00000
17738	un	101507	-0.01716	-1.00000	-0.00478	-1.00000	0.01334	-1.00000
17744	un	101870	-0.01241	-1.00000	0.00222	-1.00000	0.00366	-1.00000
17799	un	102172	-0.01638	-1.00000	-0.00196	-1.00000	-0.00692	-1.00000
18017	un	102776	-0.01297	-1.00000	-0.00713	-1.00000	-0.02140	-1.00000
18037	un	103008	-0.01238	-1.00000	-0.00309	-1.00000	-0.00660	-1.00000
18094	un	103311	0.06296	-1.00000	0.00144	-1.00000	-0.00136	-1.00000
18130	un	103613	0.00277	-1.00000	0.00005	-1.00000	0.00000	-1.00000
18406	un	103913	0.00833	-1.00000	0.00068	-1.00000	0.00324	-1.00000
18493	un	104402	0.12526	-1.00000	0.08654	-1.00000	0.05958	-1.00000
18547	un	104704	0.00927	-1.00000	-0.00000	-1.00000	0.00063	-1.00000
18558	un	105073	0.00334	-1.00000	-0.00308	-1.00000	-0.00769	-1.00000
18586	un	105380	-0.01037	-1.00000	-0.00058	-1.00000	-0.00011	-1.00000
18659	un	105685	0.03417	-1.00000	0.00263	-1.00000	-0.00397	-1.00000
18689	un	105986	0.01443	-1.00000	0.01814	-1.00000	0.02914	-1.00000
18992	un	107493	-0.00912	-1.00000	-0.00185	-1.00000	0.00146	-1.00000
19159	un	107804	0.00036	-1.00000	0.00845	-1.00000	-0.00592	-1.00000
19226	un	108201	-0.00598	-1.00000	-0.00100	-1.00000	-0.00045	-1.00000
19348	un	108501	-0.00909	-1.00000	0.00147	-1.00000	0.00221	-1.00000
19379	un	108757	-0.00515	-1.00000	0.00136	-1.00000	0.00662	-1.00000
19446	un	109062	0.00527	-1.00000	-0.00316	-1.00000	-0.00656	-1.00000
19451	un	109451	0.00277	-1.00000	0.00005	-1.00000	0.00000	-1.00000
19476	un	109776	-0.01092	-1.00000	-0.00078	-1.00000	0.00076	-1.00000
19568	un	110076	-0.01698	-1.00000	-0.00105	-1.00000	0.00020	-1.00000
19627	un	110378	-0.00473	-1.00000	0.00156	-1.00000	0.00238	-1.00000
19704	un	110679	-0.00955	-1.00000	-0.00070	-1.00000	0.00108	-1.00000
19724	un	110980	-0.00404	-1.00000	-0.00366	-1.00000	-0.00719	-1.00000
19735	un	111284	-0.01015	-1.00000	0.00109	-1.00000	0.00164	-1.00000
19906	un	111689	0.00523	-1.00000	0.00507	-1.00000	0.00909	-1.00000
19992	un	112092	0.00277	-1.00000	0.00005	-1.00000	0.00000	-1.00000
20059	un	112394	-0.01441	-1.00000	-0.00166	-1.00000	0.00061	-1.00000
20145	un	112748	-0.01814	-1.00000	-0.00117	-1.00000	0.00084	-1.00000
20177	un	113049	0.04269	-1.00000	0.00610	-1.00000	-0.00049	-1.00000
20347	un	113656	-0.02892	-1.00000	-0.03041	-1.00000	-0.05028	-1.00000
20600	un	114287	-0.01171	-1.00000	-0.00240	-1.00000	0.00089	-1.00000
20674	un	114595	0.00979	-1.00000	0.00122	-1.00000	-0.00165	-1.00000
20713	un	114895	0.01299	-1.00000	0.00658	-1.00000	-0.00383	-1.00000
20762	un	115196	0.03890	-1.00000	0.00144	-1.00000	-0.00136	-1.00000
20780	un	115537	-0.00348	-1.00000	-0.00500	-1.00000	-0.01184	-1.00000
20950	un	115845	-0.02346	-1.00000	-0.00128	-1.00000	0.00009	-1.00000
21124	un	116213	0.03019	-1.00000	0.01512	-1.00000	-0.00422	-1.00000
21152	un	116515	0.00277	-1.00000	0.00005	-1.00000	0.00000	-1.00000
21338	un	116815	0.03680	-1.00000	-0.00093	-1.00000	-0.00404	-1.00000
21378	un	117123	0.00908	-1.00000	0.00107	-1.00000	-0.00455	-1.00000
21602	un	117797	-0.01604	-1.00000	-0.00351	-1.00000	0.00008	-1.00000
21722	un	118101	0.00277	-1.00000	0.00005	-1.00000	0.00000	-1.00000
21770	un	118406	-0.01669	-1.00000	-0.00370	-1.00000	0.00040	-1.00000
21775	un	118725	-0.02362	-1.00000	-0.00041	-1.00000	0.00054	-1.00000
21827	un	119029	-0.02362	-1.00000	-0.00041	-1.00000	0.00054	-1.00000
22074	un	119982	0.13293	-1.00000	0.00240	-1.00000	0.00000	-1.00000
22102	un	120287	-0.02362	-1.00000	-0.00040	-1.00000	0.00000	-1.00000
22106	un	120626	0.06927	-1.00000	0.00662	-1.00000	0.00804	-1.00000
22146	un	120927	-0.01553	-1.00000	-0.00377	-1.00000	0.00475	-1.00000
22156	un	121229	0.00783	-1.00000	0.00124	-1.00000	-0.00132	-1.00000
22245	un	121531	-0.01990	-1.00000	-0.00255	-1.00000	0.00080	-1.00000
22374	un	121835	-0.00132	-1.00000	-0.00388	-1.00000	-0.00577	-1.00000
22387	un	122235	0.01577	-1.00000	-0.00018	-1.00000	-0.00377	-1.00000
22423	un	122538	0.00277	-1.00000	0.00005	-1.00000	0.00000	-1.00000
22491	un	122774	0.03087	-1.00000	0.00122	-1.00000	-0.00218	-1.00000
22585	un	123380	-0.02859	-1.00000	-0.00342	-1.00000	-0.00055	-1.00000
22630	un	123683	-0.01834	-1.00000	-0.00266	-1.00000	-0.00539	-1.00000
22644	un	123970	0.00502	-1.00000	0.00076	-1.00000	-0.00385	-1.00000
22653	un	124574	-0.00836	-1.00000	-0.00123	-1.00000	0.00026	-1.00000
22777	un	124930	-0.01203	-1.00000	-0.00058	-1.00000	0.00083	-1.00000
22792	un	125234	-0.02362	-1.00000	-0.00040	-1.00000	0.00000	-1.00000
22798	un	125535	0.00508	-1.00000	-0.00195	-1.00000	-0.00574	-1.00000
22826	un	125836	-0.02362	-1.00000	-0.00040	-1.00000	0.00000	-1.00000
22872	un	126139	0.00019	-1.00000	0.00044	-1.00000	-0.00363	-1.00000
22904	un	126462	0.02190	-1.00000	0.00073	-1.00000	0.00115	-1.00000
22965	un	126835	0.02715	-1.00000	0.00444	-1.00000	0.00614	-1.00000
22980	un	127213	-0.01679	-1.00000	-0.00085	-1.00000	0.00030	-1.00000
23109	un	127515	0.00122	-1.00000	-0.00501	-1.00000	-0.00730	-1.00000
23244	un	127815	-0.02362	-1.00000	-0.00040	-1.00000	0.00000	-1.00000
23439	un	128117	-0.01193	-1.00000	-0.01131	-1.00000	-0.02282	-1.00000
23457	un	128418	-0.00648	-1.00000	0.00033	-1.00000	0.00250	-1.00000
23459	un	128721	0.00523	-1.00000	0.00308	-1.00000	0.00453	-1.00000
23639	un	129508	-0.03527	-1.00000	-0.00247	-1.00000	-0.00101	-1.00000
23714	un	130117	0.01664	-1.00000	0.00321	-1.00000	-0.00189	-1.00000
23751	un	130420	0.04050	-1.00000	0.01190	-1.00000	0.01179	-1.00000
23807	un	130800	-0.00588	-1.00000	-0.00194	-1.00000	0.00072	-1.00000
23832	un	131100	0.00724	-1.00000	0.00191	-1.00000	0.00318	-1.00000
23883	un	131400	-0.02007	-1.00000	-0.00092	-1.00000	0.00272	-1.00000
23952	un	131750	-0.02362	-1.00000	-0.00040	-1.00000	0.00000	-1.00000
23973	un	132168	0.01537	-1.00000	0.00149	-1.00000	-0.00115	-1.00000
23984	un	132558	-0.01285	-1.00000	-0.00175	-1.00000	-0.00039	-1.00000
24034	un	132859	0.01897	-1.00000	0.00634	-1.00000	0.00439	-1.00000
24069	un	133161	-0.00584	-1.00000	-0.00344	-1.00000	-0.00704	-1.00000
24084	un	133496	-0.01698	-1.00000	-0.00105	-1.00000	0.00020	-1.00000
24103	un	133797	-0.01657	-1.00000	-0.00190	-1.00000	-0.00037	-1.00000
24185	un	134097	0.02361	-1.00000	0.00257	-1.00000	0.00216	-1.00000
24306	un	134398	0.01398	-1.00000	-0.00090	-1.00000	-0.00711	-1.00000
24355	un	134650	-0.01451	-1.00000	-0.00122	-1.00000	-0.00057	-1.00000
24523	un	135054	-0.00598	-1.00000	-0.00002	-1.00000	0.00046	-1.00000
24545	un	135384	-0.00075	-1.00000	0.00419	-1.00000	0.00985	-1.00000
24580	un	135687	-0.01395	-1.00000	-0.00230	-1.00000	0.00092	-1.00000
24608	un	135987	-0.00598	-1.00000	-0.00002	-1.00000	0.00046	-1.00000
24631	un	136342	-0.00928	-1.00000	0.00027	-1.00000	0.00361	-1.00000
24636	un	136644	-0.02362	-1.00000	-0.00040	-1.00000	0.00000	-1.00000
24684	un	137038	0.00277	-1.00000	0.00005	-1.00000	0.00000	-1.00000
24688	un	137338	-0.01816	-1.00000	-0.00118	-1.00000	0.00044	-1.00000
24799	un	137638	0.06925	-1.00000	0.01195	-1.00000	0.00983	-1.00000
25128	un	138929	0.00635	-1.00000	0.00013	-1.00000	-0.00276	-1.00000
25129	un	139230	-0.00215	-1.00000	-0.00170	-1.00000	0.00049	-1.00000
25134	un	139531	-0.01081	-1.00000	0.00201	-1.00000	0.00458	-1.00000
25149	un	139831	-0.00279	-1.00000	0.00063	-1.00000	-0.00185	-1.00000
25277	un	140199	0.05666	-1.00000	0.00181	-1.00000	-0.00042	-1.00000
25278	un	140500	0.01582	-1.00000	0.00325	-1.00000	0.00379	-1.00000
25290	un	140911	0.00461	-1.00000	-0.00036	-1.00000	0.00015	-1.00000
25322	un	141213	0.03087	-1.00000	0.00122	-1.00000	-0.00179	-1.00000
25379	un	141517	-0.01035	-1.00000	-0.00226	-1.00000	0.00039	-1.00000
25506	un	141820	0.00215	-1.00000	0.00034	-1.00000	-0.00444	-1.00000
25566	un	142165	0.02995	-1.00000	0.00183	-1.00000	-0.00160	-1.00000
25569	un	142773	0.00031	-1.00000	0.00087	-1.00000	-0.00253	-1.00000
25649	un	143106	0.08721	-1.00000	0.01612	-1.00000	0.01974	-1.00000
25676	un	143410	-0.02329	-1.00000	-0.00080	-1.00000	-0.00023	-1.00000
25867	un	143711	-0.01015	-1.00000	0.00109	-1.00000	0.00164	-1.00000
25980	un	144313	-0.00624	-1.00000	-0.00273	-1.00000	0.00419	-1.00000
26003	un	144699	-0.01037	-1.00000	-0.00058	-1.00000	-0.00011	-1.00000
26178	un	145301	0.04436	-1.00000	0.00157	-1.00000	0.00137	-1.00000
26283	un	145661	-0.00263	-1.00000	-0.00006	-1.00000	-0.00347	-1.00000
26332	un	145935	0.00570	-1.00000	0.00002	-1.00000	0.00595	-1.00000
26345	un	146236	-0.00319	-1.00000	-0.00813	-1.00000	-0.01232	-1.00000
26359	un	146539	0.01253	-1.00000	0.00518	-1.00000	0.00091	-1.00000
26399	un	146839	0.02452	-1.00000	0.00391	-1.00000	-0.00588	-1.00000
26441	un	147139	-0.00942	-1.00000	-0.00191	-1.00000	0.00107	-1.00000
26452	un	147439	-0.00720	-1.00000	-0.00104	-1.00000	0.00300	-1.00000
26460	un	147743	-0.01577	-1.00000	0.00028	-1.00000	0.00127	-1.00000
26485	un	148049	-0.02501	-1.00000	-0.00436	-1.00000	-0.00015	-1.00000
26524	un	148349	-0.00440	-1.00000	-0.00221	-1.00000	-0.00515	-1.00000
26662	un	149005	0.00969	-1.00000	-0.01684	-1.00000	-0.02078	-1.00000
26679	un	149305	-0.00789	-1.00000	-0.00027	-1.00000	0.00036	-1.00000
26723	un	149606	-0.02362	-1.00000	-0.00040	-1.00000	0.00000	-1.00000
26868	un	149909	0.01366	-1.00000	0.00284	-1.00000	-0.00517	-1.00000
26902	un	150535	-0.00036	-1.00000	0.00206	-1.00000	0.01268	-1.00000
26957	un	151273	-0.01268	-1.00000	-0.00089	-1.00000	0.00040	-1.00000
26981	un	151577	0.04436	-1.00000	0.00157	-1.00000	0.00137	-1.00000
26988	un	151878	-0.00717	-1.00000	-0.00376	-1.00000	-0.00695	-1.00000
27017	un	152179	0.00412	-1.00000	0.00085	-1.00000	-0.00195	-1.00000
27048	un	152504	0.01533	-1.00000	0.00934	-1.00000	0.02293	-1.00000
27054	un	152804	-0.01639	-1.00000	-0.00403	-1.00000	0.00717	-1.00000
27086	un	153106	-0.01982	-1.00000	-0.00288	-1.00000	-0.00028	-1.00000
27138	un	153406	-0.02362	-1.00000	-0.00040	-1.00000	0.00000	-1.00000
27199	un	153707	0.02242	-1.00000	0.01313	-1.00000	0.00714	-1.00000
27245	un	154008	-0.03610	-1.00000	-0.01114	-1.00000	-0.01636	-1.00000
27295	un	154379	-0.02362	-1.00000	-0.00040	-1.00000	0.00000	-1.00000
27332	un	154693	-0.02362	-1.00000	-0.00040	-1.00000	0.00000	-1.00000
27447	un	155406	-0.01053	-1.00000	-0.00134	-1.00000	0.00099	-1.00000
27524	un	155716	-0.02600	-1.00000	-0.01304	-1.00000	-0.01594	-1.00000
27551	un	156017	-0.00293	-1.00000	-0.00015	-1.00000	0.00198	-1.00000
27598	un	156403	-0.00616	-1.00000	0.00681	-1.00000	0.00857	-1.00000
27612	un	156704	-0.01369	-1.00000	-0.00023	-1.00000	0.00160	-1.00000
27640	un	157005	-0.00935	-1.00000	-0.00379	-1.00000	-0.00908	-1.00000
27725	un	157610	-0.01763	-1.00000	-0.00165	-1.00000	-0.00704	-1.00000
27733	un	158012	0.02352	-1.00000	0.00410	-1.00000	0.00536	-1.00000
27764	un	158313	-0.00794	-1.00000	-0.00364	-1.00000	0.00080	-1.00000
27865	un	158618	0.00488	-1.00000	0.00080	-1.00000	0.00353	-1.00000
27930	un	158918	0.04091	-1.00000	0.00693	-1.00000	-0.00202	-1.00000
28084	un	159219	0.02486	-1.00000	0.00169	-1.00000	-0.00050	-1.00000
28217	un	159530	-0.01534	-1.00000	-0.00010	-1.00000	0.00146	-1.00000
28237	un	159892	-0.01037	-1.00000	-0.00058	-1.00000	-0.00011	-1.00000
28465	un	160515	-0.01812	-1.00000	-0.00033	-1.00000	0.00134	-1.00000
28702	un	161410	-0.01816	-1.00000	-0.00118	-1.00000	0.00044	-1.00000
28762	un	161712	-0.00993	-1.00000	-0.00035	-1.00000	-0.00044	-1.00000
28796	un	162017	-0.01301	-1.00000	-0.00195	-1.00000	-0.00037	-1.00000
28837	un	162318	-0.00913	-1.00000	-0.00077	-1.00000	0.00039	-1.00000
28963	un	162619	-0.02362	-1.00000	-0.00054	-1.00000	0.00018	-1.00000
29014	un	162919	-0.00755	-1.00000	-0.00078	-1.00000	-0.00009	-1.00000
29018	un	163220	-0.01037	-1.00000	-0.00058	-1.00000	-0.00011	-1.00000
29108	un	163688	-0.00606	-1.00000	-0.00181	-1.00000	0.00092	-1.00000
29205	un	163988	0.01772	-1.00000	-0.00114	-1.00000	-0.00430	-1.00000
29332	un	164293	-0.01164	-1.00000	-0.00286	-1.00000	0.01222	-1.00000
29431	un	164597	-0.01704	-1.00000	-0.00112	-1.00000	0.00051	-1.00000
29469	un	164926	0.00433	-1.00000	-0.00191	-1.00000	0.00096	-1.00000
29497	un	165302	0.04796	-1.00000	0.03524	-1.00000	0.08840	-1.00000
29602	un	165602	0.01103	-1.00000	-0.00041	-1.00000	-0.00537	-1.00000
29666	un	166104	-0.01704	-1.00000	-0.00112	-1.00000	0.00051	-1.00000
29674	un	166404	-0.01698	-1.00000	-0.00105	-1.00000	0.00020	-1.00000
29918	un	167155	-0.01318	-1.00000	0.00732	-1.00000	0.01060	-1.00000
29983	un	167573	0.02578	-1.00000	0.00561	-1.00000	0.00416	-1.00000
30116	un	167882	0.04354	-1.00000	0.04269	-1.00000	0.14371	-1.00000
30164	un	168182	-0.02346	-1.00000	-0.00128	-1.00000	0.00009	-1.00000
30207	un	168490	0.07278	-1.00000	0.00115	-1.00000	-0.00154	-1.00000
30224	un	168878	0.00277	-1.00000	0.00063	-1.00000	-0.00600	-1.00000
30249	un	169207	0.00205	-1.00000	0.00699	-1.00000	0.01083	-1.00000
30261	un	169614	-0.01809	-1.00000	-0.00752	-1.00000	-0.01312	-1.00000
30447	un	169920	0.00169	-1.00000	-0.00092	-1.00000	-0.00697	-1.00000
30582	un	170262	-0.00824	-1.00000	-0.00235	-1.00000	-0.00552	-1.00000
30734	un	170566	0.08787	-1.00000	0.00662	-1.00000	0.00804	-1.00000
30795	un	170879	0.03317	-1.00000	0.00063	-1.00000	-0.00220	-1.00000
30812	un	171132	-0.00653	-1.00000	-0.00235	-1.00000	-0.00015	-1.00000
30920	un	171277	0.01856	-1.00000	0.00598	-1.00000	0.00172	-1.00000
30949	un	171583	-0.00106	-1.00000	-0.00120	-1.00000	0.00020	-1.00000
31068	un	171886	0.00277	-1.00000	0.00005	-1.00000	0.00000	-1.00000
31092	un	172270	-0.00202	-1.00000	-0.00032	-1.00000	0.00088	-1.00000
31187	un	172570	-0.01131	-1.00000	-0.00189	-1.00000	-0.00038	-1.00000
31261	un	172876	0.02602	-1.00000	0.01464	-1.00000	0.01548	-1.00000
31365	un	173252	-0.00683	-1.00000	-0.00495	-1.00000	-0.01146	-1.00000
31367	un	173670	0.00948	-1.00000	-0.00007	-1.00000	-0.00551	-1.00000
31490	un	173974	-0.00968	-1.00000	0.00375	-1.00000	-0.00197	-1.00000
31496	un	174278	-0.00674	-1.00000	-0.00061	-1.00000	-0.00456	-1.00000
31583	un	174579	-0.00012	-1.00000	-0.00276	-1.00000	0.00194	-1.00000
31666	un	174885	0.04436	-1.00000	0.00157	-1.00000	0.00137	-1.00000
31863	un	175587	-0.01679	-1.00000	-0.00184	-1.00000	-0.00062	-1.00000
31864	un	175890	-0.02462	-1.00000	-0.00321	-1.00000	-0.00002	-1.00000
31903	un	176194	-0.02340	-1.00000	-0.00118	-1.00000	-0.00016	-1.00000
31989	un	176494	0.02926	-1.00000	0.00460	-1.00000	0.00460	-1.00000
31990	un	176796	0.00277	-1.00000	-0.00012	-1.00000	-0.00022	-1.00000
32105	un	177099	0.01611	-1.00000	0.00318	-1.00000	-0.00181	-1.00000
32153	un	177423	-0.01698	-1.00000	-0.00105	-1.00000	0.00020	-1.00000
32224	un	177724	0.00277	-1.00000	0.00005	-1.00000	0.00000	-1.00000
32300	un	177929	-0.02362	-1.00000	-0.00054	-1.00000	0.00018	-1.00000
32301	un	178422	0.00229	-1.00000	0.00260	-1.00000	-0.00043	-1.00000
32303	un	178725	0.01939	-1.00000	0.00271	-1.00000	0.00126	-1.00000
32309	un	179027	-0.02362	-1.00000	-0.00040	-1.00000	0.00000	-1.00000
32339	un	179394	0.05716	-1.00000	0.00643	-1.00000	0.01258	-1.00000
32423	un	180097	-0.02088	-1.00000	-0.00224	-1.00000	0.00022	-1.00000
32436	un	180402	-0.01179	-1.00000	-0.00435	-1.00000	-0.00653	-1.00000
32452	un	181084	-0.00431	-1.00000	-0.00068	-1.00000	0.00013	-1.00000
32493	un	181299	-0.00755	-1.00000	0.00023	-1.00000	0.00086	-1.00000
32562	un	181602	-0.02527	-1.00000	-0.00317	-1.00000	-0.00008	-1.00000
32670	un	181923	0.00638	-1.00000	-0.00078	-1.00000	0.00334	-1.00000
32678	un	182293	-0.00598	-1.00000	-0.00002	-1.00000	0.00046	-1.00000
32885	un	182612	-0.00260	-1.00000	0.00184	-1.00000	0.00379	-1.00000
32920	un	182912	-0.01698	-1.00000	-0.00095	-1.00000	-0.00005	-1.00000
32960	un	183217	0.03087	-1.00000	0.00122	-1.00000	-0.00179	-1.00000
32999	un	183521	-0.01451	-1.00000	-0.00025	-1.00000	0.00035	-1.00000
33122	un	183826	0.03036	-1.00000	0.00147	-1.00000	-0.00065	-1.00000
33133	un	184149	-0.01249	-1.00000	-0.00765	-1.00000	-0.00734	-1.00000
33163	un	184524	-0.02362	-1.00000	-0.00040	-1.00000	0.00000	-1.00000
33167	un	184831	-0.01035	-1.00000	-0.00019	-1.00000	0.00230	-1.00000
33254	un	185471	-0.02276	-1.00000	-0.01171	-1.00000	-0.01197	-1.00000
33335	un	185771	0.01483	-1.00000	0.00136	-1.00000	-0.00404	-1.00000
33337	un	186073	-0.00574	-1.00000	-0.00068	-1.00000	0.00013	-1.00000
33422	un	186299	0.04485	-1.00000	0.00159	-1.00000	-0.00083	-1.00000
33443	un	186601	-0.01821	-1.00000	0.00168	-1.00000	0.00335	-1.00000
33454	un	186910	0.01153	-1.00000	0.00040	-1.00000	0.00371	-1.00000
33512	un	187210	-0.01186	-1.00000	-0.00189	-1.00000	-0.00030	-1.00000
33743	un	187573	-0.02186	-1.00000	-0.00617	-1.00000	0.00256	-1.00000
33794	un	187881	-0.01387	-1.00000	-0.00151	-1.00000	0.00126	-1.00000
33845	un	188187	-0.01383	-1.00000	-0.00195	-1.00000	0.00002	-1.00000
33944	un	188495	0.01126	-1.00000	0.00062	-1.00000	-0.00373	-1.00000
33948	un	188806	-0.02362	-1.00000	-0.00040	-1.00000	0.00000	-1.00000
33956	un	189161	-0.00822	-1.00000	-0.01333	-1.00000	-0.01797	-1.00000
34058	un	189465	0.01588	-1.00000	0.00022	-1.00000	-0.00529	-1.00000
34197	un	189723	0.02782	-1.00000	0.00248	-1.00000	0.00003	-1.00000
34207	un	190026	-0.02362	-1.00000	-0.00040	-1.00000	0.00000	-1.00000
34258	un	190327	0.01542	-1.00000	0.00118	-1.00000	-0.00880	-1.00000
34308	un	190602	-0.00755	-1.00000	0.00023	-1.00000	0.00075	-1.00000
34422	un	190905	0.00824	-1.00000	-0.00074	-1.00000	-0.00454	-1.00000
34426	un	191263	-0.02349	-1.00000	-0.00110	-1.00000	0.00053	-1.00000
34493	un	191563	-0.00913	-1.00000	-0.00077	-1.00000	0.00039	-1.00000
34534	un	191910	-0.01557	-1.00000	-0.00100	-1.00000	0.00027	-1.00000
34567	un	192212	-0.02362	-1.00000	-0.00040	-1.00000	0.00000	-1.00000
34664	un	192514	0.00891	-1.00000	-0.00325	-1.00000	-0.00599	-1.00000
34711	un	192838	-0.01037	-1.00000	-0.00058	-1.00000	-0.00011	-1.00000
34724	un	193142	-0.01477	-1.00000	-0.00095	-1.00000	-0.00005	-1.00000
34753	un	193824	0.03994	-1.00000	0.00483	-1.00000	0.00707	-1.00000
34760	un	194129	0.00927	-1.00000	0.00403	-1.00000	0.00441	-1.00000
34769	un	194441	-0.02362	-1.00000	-0.00041	-1.00000	0.00054	-1.00000
34933	un	194820	0.01315	-1.00000	0.00207	-1.00000	-0.00245	-1.00000
35013	un	195130	-0.02329	-1.00000	-0.00080	-1.00000	-0.00023	-1.00000
35058	un	195597	0.00360	-1.00000	0.00162	-1.00000	-0.00055	-1.00000
35060	un	195881	-0.03201	-1.00000	-0.00167	-1.00000	-0.00091	-1.00000
35083	un	196189	0.02108	-1.00000	0.00054	-1.00000	0.00123	-1.00000
35130	un	196489	-0.00955	-1.00000	-0.00172	-1.00000	0.00014	-1.00000
35277	un	196790	-0.00023	-1.00000	-0.00316	-1.00000	-0.00652	-1.00000
35314	un	197093	-0.03077	-1.00000	-0.00271	-1.00000	-0.00075	-1.00000
35315	un	197393	0.00354	-1.00000	0.00110	-1.00000	0.00265	-1.00000
35396	un	197694	-0.02767	-1.00000	-0.00305	-1.00000	-0.00084	-1.00000
35416	un	198022	-0.01203	-1.00000	-0.00058	-1.00000	0.00083	-1.00000
35524	un	198373	-0.01802	-1.00000	-0.00047	-1.00000	0.00148	-1.00000
35628	un	198679	-0.02362	-1.00000	-0.00040	-1.00000	0.00000	-1.00000
35644	un	199018	-0.01179	-1.00000	-0.00200	-1.00000	-0.00449	-1.00000
35710	un	199300	0.00824	-1.00000	0.00732	-1.00000	0.01068	-1.00000
35769	un	199605	0.02765	-1.00000	0.00052	-1.00000	-0.00235	-1.00000
35770	un	200047	-0.02006	-1.00000	-0.00421	-1.00000	-0.00015	-1.00000
36045	un	201244	-0.01831	-1.00000	-0.00087	-1.00000	0.00064	-1.00000
36102	un	201642	0.00002	-1.00000	0.00084	-1.00000	0.00163	-1.00000
36121	un	201946	0.01737	-1.00000	0.00063	-1.00000	-0.00216	-1.00000
36194	un	202248	-0.02362	-1.00000	-0.00054	-1.00000	0.00018	-1.00000
36211	un	202548	-0.00789	-1.00000	-0.00027	-1.00000	0.00036	-1.00000
36354	un	202788	-0.01952	-1.00000	-0.00219	-1.00000	-0.00010	-1.00000
36380	un	203202	0.05046	-1.00000	0.00678	-1.00000	0.00844	-1.00000
36395	un	203502	0.01871	-1.00000	0.00146	-1.00000	-0.00093	-1.00000
36425	un	203803	0.03087	-1.00000	0.00122	-1.00000	-0.00179	-1.00000
36440	un	204110	-0.01347	-1.00000	0.00009	-1.00000	-0.00313	-1.00000
36480	un	204714	0.00378	-1.00000	0.00346	-1.00000	0.00732	-1.00000
36503	un	205314	-0.02782	-1.00000	-0.00473	-1.00000	0.00097	-1.00000
36518	un	205614	0.03091	-1.00000	0.00188	-1.00000	0.00362	-1.00000
36672	un	206454	0.04634	-1.00000	-0.00002	-1.00000	-0.00285	-1.00000
36764	un	206855	-0.00525	-1.00000	0.00135	-1.00000	0.00483	-1.00000
36800	un	207128	-0.02340	-1.00000	-0.00058	-1.00000	-0.00011	-1.00000
36818	un	207466	0.00277	-1.00000	0.00083	-1.00000	0.00069	-1.00000
36832	un	207832	0.01961	-1.00000	0.00229	-1.00000	0.00450	-1.00000
36849	un	208138	0.00724	-1.00000	-0.00086	-1.00000	0.00047	-1.00000
37090	un	208440	-0.01015	-1.00000	0.00062	-1.00000	0.00220	-1.00000
37215	un	208740	0.01905	-1.00000	0.00069	-1.00000	-0.00178	-1.00000
37359	un	209044	-0.01304	-1.00000	-0.01108	-1.00000	-0.00885	-1.00000
37384	un	209350	0.01712	-1.00000	0.00208	-1.00000	0.00246	-1.00000
37616	un	209653	0.01525	-1.00000	0.00427	-1.00000	-0.00359	-1.00000
37731	un	209960	-0.00674	-1.00000	-0.00166	-1.00000	-0.00019	-1.00000
37739	un	210261	0.03091	-1.00000	0.00504	-1.00000	0.00525	-1.00000
37748	un	210599	0.03033	-1.00000	0.00209	-1.00000	-0.00250	-1.00000
37806	un	210902	0.01822	-1.00000	0.00330	-1.00000	0.00211	-1.00000
37829	un	211588	-0.01301	-1.00000	-0.00095	-1.00000	0.00056	-1.00000
37894	un	211900	0.13293	-1.00000	0.00240	-1.00000	0.00000	-1.00000
37911	un	212173	-0.01094	-1.00000	0.00070	-1.00000	0.00234	-1.00000
37930	un	212479	-0.00106	-1.00000	-0.00120	-1.00000	-0.00002	-1.00000
37936	un	212779	-0.01187	-1.00000	-0.00325	-1.00000	-0.00760	-1.00000
37960	un	213079	-0.01814	-1.00000	-0.00117	-1.00000	0.00084	-1.00000
38008	un	213380	0.03365	-1.00000	0.00513	-1.00000	0.00119	-1.00000
38071	un	213686	-0.02362	-1.00000	-0.00054	-1.00000	0.00018	-1.00000
38086	un	214134	0.00115	-1.00000	0.00022	-1.00000	-0.00294	-1.00000
38255	un	214754	0.01423	-1.00000	0.00152	-1.00000	-0.00432	-1.00000
38300	un	215086	0.00277	-1.00000	0.00005	-1.00000	0.00000	-1.00000
38353	un	215388	0.02190	-1.00000	0.00014	-1.00000	0.00112	-1.00000
38456	un	215794	-0.01698	-1.00000	-0.00105	-1.00000	0.00020	-1.00000
38459	un	216099	-0.02362	-1.00000	-0.00054	-1.00000	0.00018	-1.00000
38461	un	216402	-0.01430	-1.00000	-0.00211	-1.00000	-0.00970	-1.00000
38565	un	216809	0.00277	-1.00000	0.00083	-1.00000	0.00069	-1.00000
38588	un	217114	-0.01314	-1.00000	-0.00014	-1.00000	0.00072	-1.00000
38645	un	217399	0.02190	-1.00000	0.00073	-1.00000	0.00115	-1.00000
38824	un	217705	0.00795	-1.00000	0.01118	-1.00000	-0.02357	-1.00000
39593	un	218007	-0.02362	-1.00000	-0.00040	-1.00000	0.00000	-1.00000
39785	un	218308	0.01526	-1.00000	0.00218	-1.00000	-0.00016	-1.00000
39799	un	218612	-0.02988	-1.00000	-0.00229	-1.00000	-0.00096	-1.00000
39810	un	218914	0.00277	-1.00000	0.00005	-1.00000	0.00000	-1.00000
39895	un	219184	0.02681	-1.00000	0.00536	-1.00000	0.00429	-1.00000
39951	un	219458	-0.01491	-1.00000	-0.00070	-1.00000	0.00085	-1.00000
40146	un	219758	-0.01868	-1.00000	-0.00051	-1.00000	-0.00386	-1.00000
40333	un	220115	-0.01037	-1.00000	-0.00058	-1.00000	-0.00011	-1.00000
40390	un	220369	-0.00811	-1.00000	0.00008	-1.00000	0.00207	-1.00000
40472	un	220670	-0.02362	-1.00000	-0.00054	-1.00000	0.00018	-1.00000
40610	un	221088	-0.00113	-1.00000	-0.00131	-1.00000	0.00163	-1.00000
40713	un	221487	-0.02329	-1.00000	-0.00080	-1.00000	-0.00023	-1.00000
40739	un	221790	-0.00564	-1.00000	-0.00072	-1.00000	-0.00379	-1.00000
40740	un	222110	0.06501	-1.00000	0.00707	-1.00000	0.00637	-1.00000
40844	un	222416	-0.02362	-1.00000	-0.00040	-1.00000	0.00000	-1.00000
40937	un	222795	0.00464	-1.00000	0.00112	-1.00000	-0.00492	-1.00000
40997	un	223212	0.00432	-1.00000	0.02077	-1.00000	0.00690	-1.00000
41003	un	223512	0.01892	-1.00000	0.01239	-1.00000	0.01150	-1.00000
41032	un	223813	-0.01679	-1.00000	-0.00184	-1.00000	-0.00073	-1.00000
41070	un	224224	0.02548	-1.00000	0.00455	-1.00000	0.00281	-1.00000
41121	un	224525	-0.02340	-1.00000	-0.00118	-1.00000	-0.00016	-1.00000
41175	un	224827	-0.01451	-1.00000	-0.00122	-1.00000	-0.00057	-1.00000
41257	un	225128	0.00056	-1.00000	0.00096	-1.00000	-0.00314	-1.00000
41393	un	225515	0.01445	-1.00000	0.00077	-1.00000	-0.00255	-1.00000
41479	un	225835	-0.02340	-1.00000	-0.00072	-1.00000	0.00256	-1.00000
41582	un	226100	-0.01314	-1.00000	-0.00014	-1.00000	0.00072	-1.00000
41665	un	226402	-0.00582	-1.00000	0.00047	-1.00000	0.00098	-1.00000
41969	un	226709	0.00277	-1.00000	0.00005	-1.00000	0.00000	-1.00000
41982	un	227013	0.04447	-1.00000	0.01368	-1.00000	0.01057	-1.00000
42018	un	227315	0.02995	-1.00000	0.00083	-1.00000	-0.00258	-1.00000
42150	un	227658	-0.00881	-1.00000	-0.00086	-1.00000	-0.00606	-1.00000
42190	un	227961	-0.01383	-1.00000	-0.00094	-1.00000	0.00096	-1.00000
42279	un	228269	-0.02362	-1.00000	-0.00040	-1.00000	0.00000	-1.00000
42315	un	228754	0.01614	-1.00000	0.00707	-1.00000	-0.00336	-1.00000
42319	un	229121	0.00843	-1.00000	0.00074	-1.00000	0.00403	-1.00000
42326	un	229421	-0.00713	-1.00000	0.00045	-1.00000	-0.00677	-1.00000
42333	un	229837	-0.00789	-1.00000	-0.00027	-1.00000	0.00036	-1.00000
42661	un	230137	-0.01226	-1.00000	-0.00033	-1.00000	0.00187	-1.00000
42707	un	230445	-0.02937	-1.00000	-0.01910	-1.00000	-0.01701	-1.00000
42729	un	230782	0.00733	-1.00000	0.00198	-1.00000	-0.00069	-1.00000
42792	un	231035	0.01451	-1.00000	0.00387	-1.00000	0.00005	-1.00000
42918	un	231697	-0.02362	-1.00000	-0.00040	-1.00000	0.00000	-1.00000
43251	un	232273	-0.00286	-1.00000	0.00038	-1.00000	-0.00250	-1.00000
43294	un	232576	-0.01807	-1.00000	-0.00287	-1.00000	0.00314	-1.00000
43339	un	233021	-0.01809	-1.00000	-0.01374	-1.00000	-0.01578	-1.00000
43344	un	233324	-0.00024	-1.00000	-0.00128	-1.00000	-0.00392	-1.00000
43432	un	233823	0.01246	-1.00000	0.00427	-1.00000	0.01520	-1.00000
43551	un	234433	-0.01347	-1.00000	-0.00249	-1.00000	-0.01012	-1.00000
43568	un	234734	-0.01055	-1.00000	-0.00320	-1.00000	0.00016	-1.00000
43615	un	235508	-0.01391	-1.00000	-0.00566	-1.00000	0.01365	-1.00000
43644	un	235808	-0.00789	-1.00000	-0.00027	-1.00000	0.00036	-1.00000
43657	un	236196	-0.01882	-1.00000	-0.00281	-1.00000	-0.00072	-1.00000
43711	un	236499	-0.01808	-1.00000	-0.00365	-1.00000	-0.00025	-1.00000
43877	un	236796	-0.00431	-1.00000	-0.00068	-1.00000	0.00013	-1.00000
43967	un	237098	-0.01662	-1.00000	-0.00892	-1.00000	-0.01344	-1.00000
44068	un	237400	-0.00025	-1.00000	0.00047	-1.00000	0.00260	-1.00000
44077	un	237702	-0.00674	-1.00000	-0.00077	-1.00000	0.00039	-1.00000
44154	un	237966	-0.00596	-1.00000	-0.00254	-1.00000	0.00486	-1.00000
44256	un	238268	0.04078	-1.00000	0.00175	-1.00000	-0.00046	-1.00000
44296	un	238570	0.02681	-1.00000	0.00809	-1.00000	-0.00346	-1.00000
44342	un	238800	-0.03162	-1.00000	-0.00775	-1.00000	-0.01431	-1.00000
44470	un	239103	0.01037	-1.00000	0.01724	-1.00000	0.05810	-1.00000
44599	un	239720	-0.00993	-1.00000	-0.00035	-1.00000	-0.00044	-1.00000
44759	un	240132	0.04753	-1.00000	0.00115	-1.00000	-0.00154	-1.00000
44808	un	240436	0.02069	-1.00000	0.00492	-1.00000	-0.00393	-1.00000
44953	un	241118	0.02007	-1.00000	0.00420	-1.00000	-0.00892	-1.00000
45044	un	241420	-0.03285	-1.00000	-0.01719	-1.00000	-0.02940	-1.00000
45048	un	241647	0.04436	-1.00000	0.00157	-1.00000	0.00137	-1.00000
45072	un	241947	0.03219	-1.00000	0.04297	-1.00000	0.02955	-1.00000
45168	un	242249	-0.00993	-1.00000	-0.00035	-1.00000	-0.00044	-1.00000
45302	un	242556	-0.01358	-1.00000	-0.00435	-1.00000	0.00179	-1.00000
45343	un	242954	-0.00221	-1.00000	0.00470	-1.00000	0.00873	-1.00000
45367	un	243254	0.01033	-1.00000	0.00183	-1.00000	-0.00670	-1.00000
45508	un	243859	0.00411	-1.00000	-0.00070	-1.00000	-0.00434	-1.00000
45556	un	244161	0.02895	-1.00000	0.00286	-1.00000	0.00079	-1.00000
45768	un	244468	0.00277	-1.00000	0.00005	-1.00000	0.00000	-1.00000
45896	un	244795	0.04321	-1.00000	0.00751	-1.00000	0.00550	-1.00000
45972	un	245112	0.00131	-1.00000	-0.00053	-1.00000	-0.00628	-1.00000
46049	un	245340	-0.02362	-1.00000	-0.00040	-1.00000	0.00000	-1.00000
46101	un	245646	-0.00497	-1.00000	0.00063	-1.00000	0.00203	-1.00000
46107	un	245946	-0.03924	-1.00000	-0.04067	-1.00000	-0.06264	-1.00000
46146	un	246202	-0.00789	-1.00000	0.00056	-1.00000	0.00145	-1.00000
46256	un	247091	-0.01180	-1.00000	-0.00467	-1.00000	0.00725	-1.00000
46489	un	247395	0.00060	-1.00000	-0.00168	-1.00000	-0.00737	-1.00000
46545	un	247737	-0.00591	-1.00000	0.00013	-1.00000	-0.00627	-1.00000
46580	un	248055	-0.01477	-1.00000	-0.00095	-1.00000	-0.00005	-1.00000
46688	un	248359	-0.02362	-1.00000	-0.00054	-1.00000	0.00018	-1.00000
46784	un	248670	0.00326	-1.00000	-0.00129	-1.00000	0.00397	-1.00000
47149	un	249399	0.03054	-1.00000	0.00315	-1.00000	0.00279	-1.00000
47382	un	250285	0.00330	-1.00000	-0.00310	-1.00000	-0.02328	-1.00000
47407	un	250596	-0.01698	-1.00000	-0.00105	-1.00000	0.00020	-1.00000
47441	un	251190	0.00277	-1.00000	0.00045	-1.00000	0.00025	-1.00000
47576	un	251496	-0.00011	-1.00000	0.00057	-1.00000	-0.00181	-1.00000
47578	un	251796	0.01015	-1.00000	-0.00026	-1.00000	-0.00194	-1.00000
47621	un	252106	0.01764	-1.00000	0.00511	-1.00000	-0.00058	-1.00000
47624	un	252417	-0.00848	-1.00000	0.00390	-1.00000	0.00669	-1.00000
47670	un	252750	-0.01451	-1.00000	-0.00122	-1.00000	-0.00057	-1.00000
47709	un	253054	0.02488	-1.00000	0.00037	-1.00000	-0.00442	-1.00000
47899	un	253732	-0.00793	-1.00000	0.00062	-1.00000	-0.00209	-1.00000
47950	un	254115	-0.00497	-1.00000	0.00063	-1.00000	0.00203	-1.00000
48003	un	254417	-0.02277	-1.00000	-0.00529	-1.00000	-0.00036	-1.00000
48117	un	254729	0.00277	-1.00000	0.00005	-1.00000	0.00000	-1.00000
48155	un	255031	-0.01268	-1.00000	-0.00101	-1.00000	-0.00043	-1.00000
48204	un	255334	-0.01368	-1.00000	-0.00474	-1.00000	0.00755	-1.00000
48286	un	255634	-0.03924	-1.00000	-0.04067	-1.00000	-0.06264	-1.00000
48349	un	256052	-0.02362	-1.00000	-0.00040	-1.00000	0.00000	-1.00000
48450	un	256356	0.00090	-1.00000	0.00621	-1.00000	0.00619	-1.00000
48580	un	256658	-0.01037	-1.00000	-0.00058	-1.00000	-0.00011	-1.00000
48583	un	256959	0.04436	-1.00000	0.00157	-1.00000	0.00137	-1.00000
48745	un	257271	0.01139	-1.00000	0.00039	-1.00000	-0.00305	-1.00000
48764	un	257571	-0.02704	-1.00000	-0.02482	-1.00000	-0.03537	-1.00000
48822	un	257871	0.04436	-1.00000	0.00157	-1.00000	0.00137	-1.00000
48891	un	258158	-0.01384	-1.00000	-0.00214	-1.00000	-0.00765	-1.00000
48930	un	258460	0.00019	-1.00000	-0.00166	-1.00000	-0.00505	-1.00000
49025	un	258788	0.00923	-1.00000	0.00032	-1.00000	-0.00235	-1.00000
49097	un	259116	-0.01015	-1.00000	-0.00089	-1.00000	-0.00022	-1.00000
49143	un	259719	-0.03924	-1.00000	-0.04067	-1.00000	-0.06264	-1.00000
49195	un	260061	-0.01196	-1.00000	-0.00255	-1.00000	0.00069	-1.00000
49386	un	260454	-0.00566	-1.00000	0.00022	-1.00000	0.00002	-1.00000
49469	un	260849	0.00015	-1.00000	-0.00203	-1.00000	-0.00486	-1.00000
49564	un	261153	-0.02362	-1.00000	-0.00040	-1.00000	0.00000	-1.00000
49588	un	261461	-0.01477	-1.00000	-0.00095	-1.00000	-0.00005	-1.00000
49617	un	261830	-0.00598	-1.00000	-0.00062	-1.00000	0.00042	-1.00000
49678	un	262174	0.03054	-1.00000	0.00120	-1.00000	0.00095	-1.00000
49722	un	262477	0.00839	-1.00000	0.00091	-1.00000	0.00181	-1.00000
49740	un	262809	0.02783	-1.00000	0.00365	-1.00000	0.00474	-1.00000
49787	un	263114	0.01181	-1.00000	0.00012	-1.00000	-0.00239	-1.00000
49962	un	263550	-0.00797	-1.00000	-0.00096	-1.00000	0.00191	-1.00000
50197	un	263853	0.05813	-1.00000	0.01054	-1.00000	0.00590	-1.00000
50207	un	264179	0.00369	-1.00000	-0.00057	-1.00000	0.00265	-1.00000
50228	un	264479	-0.00057	-1.00000	-0.00028	-1.00000	0.00255	-1.00000
50267	un	264780	0.01498	-1.00000	-0.00250	-1.00000	-0.00242	-1.00000
50301	un	265206	0.00340	-1.00000	0.00877	-1.00000	-0.01215	-1.00000
50345	un	265509	-0.00085	-1.00000	-0.00014	-1.00000	-0.00330	-1.00000
50395	un	265914	-0.02340	-1.00000	-0.00118	-1.00000	-0.00016	-1.00000
50432	un	266223	0.05377	-1.00000	0.02745	-1.00000	0.04763	-1.00000
50445	un	266529	0.02190	-1.00000	0.00073	-1.00000	0.00115	-1.00000
50503	un	266883	-0.02227	-1.00000	-0.00255	-1.00000	-0.00078	-1.00000
50533	un	267241	-0.01062	-1.00000	-0.00075	-1.00000	0.00145	-1.00000
50847	un	267509	0.06912	-1.00000	0.00315	-1.00000	0.00279	-1.00000
50861	un	267894	-0.00356	-1.00000	-0.00627	-1.00000	-0.01576	-1.00000
50871	un	268195	0.00002	-1.00000	0.00084	-1.00000	0.00163	-1.00000
50896	un	268483	0.03490	-1.00000	-0.00024	-1.00000	-0.00322	-1.00000
50981	un	269100	-0.01666	-1.00000	0.00283	-1.00000	0.00812	-1.00000
51064	un	269404	0.00675	-1.00000	0.01523	-1.00000	0.01758	-1.00000
51082	un	269705	0.02762	-1.00000	0.00310	-1.00000	0.00115	-1.00000
51227	un	270433	-0.01082	-1.00000	0.00147	-1.00000	0.00221	-1.00000
51296	un	270739	-0.00622	-1.00000	-0.00009	-1.00000	0.00187	-1.00000
51393	un	271045	-0.02369	-1.00000	-0.00402	-1.00000	-0.00053	-1.00000
51493	un	271345	-0.01078	-1.00000	-0.00511	-1.00000	-0.00894	-1.00000
51519	un	271648	0.01299	-1.00000	0.00019	-1.00000	-0.00254	-1.00000
51556	un	272019	-0.01476	-1.00000	-0.00248	-1.00000	0.00046	-1.00000
51562	un	272397	0.00277	-1.00000	0.00083	-1.00000	0.00069	-1.00000
51663	un	272700	-0.01645	-1.00000	-0.00313	-1.00000	-0.00727	-1.00000
51711	un	273001	-0.00627	-1.00000	-0.00068	-1.00000	0.00214	-1.00000
51767	un	273309	0.05666	-1.00000	0.00181	-1.00000	-0.00042	-1.00000
51825	un	273718	0.03946	-1.00000	0.00169	-1.00000	-0.00271	-1.00000
51849	un	274022	0.04436	-1.00000	0.00234	-1.00000	0.00193	-1.00000
51854	un	274325	-0.01464	-1.00000	-0.00175	-1.00000	-0.00050	-1.00000
51898	un	274936	0.00297	-1.00000	-0.00466	-1.00000	-0.00869	-1.00000
52007	un	275236	0.01041	-1.00000	0.00435	-1.00000	0.01446	-1.00000
52024	un	275538	-0.00993	-1.00000	-0.00035	-1.00000	-0.00044	-1.00000
52044	un	275840	-0.01451	-1.00000	-0.00122	-1.00000	-0.00057	-1.00000
52064	un	276140	-0.01477	-1.00000	-0.00095	-1.00000	-0.00005	-1.00000
52088	un	276441	-0.00339	-1.00000	-0.00326	-1.00000	-0.00649	-1.00000
52099	un	276742	-0.00636	-1.00000	-0.00064	-1.00000	0.00103	-1.00000
52116	un	277049	0.00523	-1.00000	0.00028	-1.00000	0.00092	-1.00000
52137	un	277357	0.01979	-1.00000	0.00264	-1.00000	0.00721	-1.00000
52140	un	277721	-0.01037	-1.00000	-0.00058	-1.00000	-0.00011	-1.00000
52284	un	278043	0.00401	-1.00000	-0.00097	-1.00000	0.00032	-1.00000
52370	un	278384	-0.01015	-1.00000	-0.00089	-1.00000	-0.00033	-1.00000
52396	un	278690	-0.00147	-1.00000	-0.00122	-1.00000	-0.00008	-1.00000
52398	un	278991	0.04316	-1.00000	0.00300	-1.00000	-0.00110	-1.00000
52486	un	279688	-0.00585	-1.00000	-0.00388	-1.00000	0.00241	-1.00000
52532	un	280321	-0.01978	-1.00000	-0.02391	-1.00000	-0.03527	-1.00000
52539	un	280626	0.00277	-1.00000	0.00005	-1.00000	0.00000	-1.00000
52596	un	280950	-0.00248	-1.00000	0.00047	-1.00000	0.00098	-1.00000
52603	un	281251	0.00277	-1.00000	0.00005	-1.00000	0.00000	-1.00000
52641	un	281854	-0.01252	-1.00000	-0.00049	-1.00000	0.00199	-1.00000
52722	un	282150	-0.00795	-1.00000	-0.00070	-1.00000	0.00112	-1.00000
52765	un	282516	0.01737	-1.00000	0.00063	-1.00000	-0.00216	-1.00000
52827	un	282817	-0.00059	-1.00000	0.00050	-1.00000	0.00224	-1.00000
52843	un	283131	-0.02767	-1.00000	-0.00305	-1.00000	-0.00084	-1.00000
52991	un	283790	-0.00083	-1.00000	-0.00007	-1.00000	0.00128	-1.00000
52992	un	284094	0.01751	-1.00000	-0.00228	-1.00000	-0.00752	-1.00000
53021	un	284399	0.03037	-1.00000	0.00331	-1.00000	0.00963	-1.00000
53098	un	284700	-0.02954	-1.00000	-0.00278	-1.00000	-0.00043	-1.00000
53112	un	285022	-0.01477	-1.00000	-0.00095	-1.00000	-0.00005	-1.00000
53124	un	285322	0.00380	-1.00000	0.00300	-1.00000	0.00417	-1.00000
53215	un	285928	-0.01158	-1.00000	-0.00311	-1.00000	0.00222	-1.00000
53319	un	286120	-0.01755	-1.00000	-0.00274	-1.00000	0.00075	-1.00000
53373	un	286423	-0.00951	-1.00000	-0.00283	-1.00000	-0.00880	-1.00000
53453	un	286790	0.02230	-1.00000	0.00226	-1.00000	-0.00123	-1.00000
53490	un	287096	-0.01344	-1.00000	-0.01326	-1.00000	-0.03040	-1.00000
53495	un	287396	0.01438	-1.00000	-0.00120	-1.00000	-0.00534	-1.00000
53540	un	287780	-0.01104	-1.00000	0.00128	-1.00000	0.00219	-1.00000
53656	un	288081	-0.01893	-1.00000	-0.00219	-1.00000	-0.00010	-1.00000
53678	un	288383	-0.00890	-1.00000	-0.00434	-1.00000	-0.00715	-1.00000
53687	un	288690	0.00277	-1.00000	0.00005	-1.00000	0.00000	-1.00000
53693	un	289093	0.03054	-1.00000	0.00315	-1.00000	0.00279	-1.00000
53790	un	290011	0.01712	-1.00000	-0.00002	-1.00000	0.00046	-1.00000
53881	un	290373	-0.00037	-1.00000	-0.00655	-1.00000	-0.01244	-1.00000
53969	un	290720	-0.00556	-1.00000	-0.00497	-1.00000	-0.00810	-1.00000
54057	un	291595	0.05267	-1.00000	0.00385	-1.00000	0.00247	-1.00000
54082	un	292001	-0.00499	-1.00000	-0.00337	-1.00000	-0.00638	-1.00000
54113	un	292302	-0.00409	-1.00000	0.00116	-1.00000	0.00315	-1.00000
54146	un	292648	0.14065	-1.00000	0.01000	-1.00000	0.01885	-1.00000
54173	un	293037	-0.01186	-1.00000	-0.00089	-1.00000	0.00063	-1.00000
54288	un	293458	0.00048	-1.00000	0.00180	-1.00000	-0.00124	-1.00000
54348	un	293763	-0.01037	-1.00000	-0.00058	-1.00000	-0.00011	-1.00000
54363	un	294065	-0.01331	-1.00000	-0.00312	-1.00000	0.00130	-1.00000
54468	un	294403	-0.00566	-1.00000	0.00022	-1.00000	0.00002	-1.00000
54469	un	294703	0.00004	-1.00000	-0.00029	-1.00000	-0.00312	-1.00000
54478	un	295173	-0.01015	-1.00000	0.00109	-1.00000	0.00164	-1.00000
54550	un	295474	0.10071	-1.00000	0.00986	-1.00000	0.01064	-1.00000
54559	un	295774	0.02557	-1.00000	0.00650	-1.00000	0.00242	-1.00000
54598	un	296107	-0.02362	-1.00000	-0.00040	-1.00000	0.00000	-1.00000
54631	un	296713	-0.01704	-1.00000	-0.00213	-1.00000	-0.00042	-1.00000
54648	un	297028	-0.02362	-1.00000	-0.00040	-1.00000	0.00000	-1.00000
54764	un	297812	-0.02362	-1.00000	-0.00040	-1.00000	0.00000	-1.00000
54770	un	298116	0.02481	-1.00000	0.00713	-1.00000	0.01004	-1.00000
54837	un	298386	0.00057	-1.00000	-0.00001	-1.00000	0.00120	-1.00000
54971	un	298689	0.05666	-1.00000	0.00181	-1.00000	-0.00042	-1.00000
55077	un	298994	0.01563	-1.00000	-0.00121	-1.00000	0.00409	-1.00000
55186	un	299404	-0.01934	-1.00000	-0.00258	-1.00000	-0.00009	-1.00000
55279	un	299656	0.00277	-1.00000	0.00005	-1.00000	0.00000	-1.00000
55291	un	299959	0.00635	-1.00000	0.00056	-1.00000	-0.00364	-1.00000
55330	un	300266	0.13293	-1.00000	0.00240	-1.00000	0.00000	-1.00000
55381	un	300573	0.06501	-1.00000	0.00707	-1.00000	0.00637	-1.00000
55394	un	300876	-0.02014	-1.00000	-0.00500	-1.00000	-0.01063	-1.00000
55452	un	301176	0.00318	-1.00000	-0.00022	-1.00000	0.00035	-1.00000
55482	un	301487	-0.00402	-1.00000	-0.00362	-1.00000	-0.00852	-1.00000
55550	un	301869	0.02318	-1.00000	0.00124	-1.00000	-0.00377	-1.00000
55617	un	302174	-0.01303	-1.00000	-0.00269	-1.00000	0.00523	-1.00000
55689	un	302476	0.00523	-1.00000	0.00028	-1.00000	0.00092	-1.00000
55783	un	302776	-0.02329	-1.00000	-0.00080	-1.00000	-0.00023	-1.00000
55831	un	303516	0.13293	-1.00000	0.00240	-1.00000	0.00000	-1.00000
55855	un	303910	-0.02257	-1.00000	-0.00884	-1.00000	-0.01445	-1.00000
55966	un	304241	0.00275	-1.00000	-0.00293	-1.00000	0.00402	-1.00000
56009	un	304476	-0.01484	-1.00000	-0.00808	-1.00000	-0.01953	-1.00000
56020	un	304777	0.01316	-1.00000	0.00549	-1.00000	-0.00292	-1.00000
56158	un	305080	-0.00081	-1.00000	-0.00258	-1.00000	-0.00897	-1.00000
56183	un	305381	-0.01679	-1.00000	-0.00085	-1.00000	0.00030	-1.00000
56187	un	305751	-0.02362	-1.00000	-0.00040	-1.00000	0.00000	-1.00000
56221	un	306122	-0.00940	-1.00000	-0.00204	-1.00000	-0.00018	-1.00000
56268	un	306423	-0.02567	-1.00000	-0.00291	-1.00000	-0.00052	-1.00000
56376	un	306828	0.00128	-1.00000	0.00104	-1.00000	-0.00318	-1.00000
56434	un	307137	-0.00993	-1.00000	-0.00035	-1.00000	-0.00044	-1.00000
56497	un	307440	-0.02362	-1.00000	-0.00054	-1.00000	0.00018	-1.00000
56524	un	307740	-0.02329	-1.00000	-0.00080	-1.00000	-0.00023	-1.00000
56563	un	308040	-0.02362	-1.00000	-0.00054	-1.00000	0.00018	-1.00000
56569	un	308262	0.00277	-1.00000	0.00005	-1.00000	0.00000	-1.00000
56691	un	308565	0.01713	-1.00000	0.00570	-1.00000	0.01838	-1.00000
56719	un	308868	0.00277	-1.00000	0.00005	-1.00000	0.00000	-1.00000
56752	un	309176	0.00927	-1.00000	-0.00000	-1.00000	0.00063	-1.00000
56767	un	309476	-0.00055	-1.00000	0.00119	-1.00000	-0.00304	-1.00000
56776	un	309790	-0.00355	-1.00000	-0.00081	-1.00000	0.00226	-1.00000
56827	un	310092	0.00660	-1.00000	0.00478	-1.00000	0.01260	-1.00000
56910	un	310692	0.00277	-1.00000	0.00005	-1.00000	0.00000	-1.00000
56978	un	311001	-0.00674	-1.00000	0.00030	-1.00000	0.00178	-1.00000
56982	un	311290	0.02386	-1.00000	0.00083	-1.00000	-0.00216	-1.00000
57109	un	311592	-0.02157	-1.00000	-0.00112	-1.00000	-0.00009	-1.00000
57190	un	311893	0.02676	-1.00000	0.00219	-1.00000	-0.00532	-1.00000
57215	un	312308	-0.02755	-1.00000	-0.00282	-1.00000	-0.00021	-1.00000
57216	un	312609	-0.01070	-1.00000	-0.00148	-1.00000	-0.00844	-1.00000
57217	un	312909	-0.01037	-1.00000	-0.00058	-1.00000	-0.00011	-1.00000
57252	un	313269	0.04436	-1.00000	0.00157	-1.00000	0.00137	-1.00000
57338	un	313569	-0.00790	-1.00000	0.00112	-1.00000	0.00473	-1.00000
57524	un	314171	-0.02013	-1.00000	-0.00564	-1.00000	-0.01197	-1.00000
57541	un	314474	-0.01071	-1.00000	-0.00106	-1.00000	0.00255	-1.00000
57549	un	314776	-0.03176	-1.00000	-0.00866	-1.00000	-0.01459	-1.00000
57557	un	315077	-0.01037	-1.00000	-0.00062	-1.00000	0.00042	-1.00000
57573	un	315405	-0.01891	-1.00000	0.00162	-1.00000	0.00328	-1.00000
57597	un	315848	-0.01037	-1.00000	-0.00058	-1.00000	-0.00011	-1.00000
57658	un	316181	0.02486	-1.00000	0.00169	-1.00000	-0.00050	-1.00000
57694	un	316493	0.00277	-1.00000	-0.00012	-1.00000	-0.00022	-1.00000
57718	un	316819	0.01770	-1.00000	0.00615	-1.00000	0.00668	-1.00000
57819	un	317154	-0.01451	-1.00000	-0.00122	-1.00000	-0.00068	-1.00000
57888	un	317457	-0.00674	-1.00000	-0.00066	-1.00000	0.00075	-1.00000
57924	un	317812	0.00837	-1.00000	-0.00098	-1.00000	-0.00487	-1.00000
58035	un	318184	-0.02362	-1.00000	-0.00040	-1.00000	0.00000	-1.00000
58108	un	318486	0.00277	-1.00000	0.00240	-1.00000	0.00209	-1.00000
58223	un	319123	-0.01798	-1.00000	-0.00896	-1.00000	-0.01316	-1.00000
58297	un	319816	-0.00161	-1.00000	-0.00680	-1.00000	-0.00948	-1.00000
58298	un	320119	-0.00359	-1.00000	-0.00091	-1.00000	0.00086	-1.00000
58310	un	320471	-0.02528	-1.00000	-0.00686	-1.00000	-0.01103	-1.00000
58426	un	320858	-0.00482	-1.00000	-0.00243	-1.00000	-0.00828	-1.00000
58446	un	321162	0.03890	-1.00000	0.00144	-1.00000	-0.00136	-1.00000
59098	un	321463	-0.01472	-1.00000	-0.00911	-1.00000	-0.00591	-1.00000
59253	un	322220	0.00930	-1.00000	0.00858	-1.00000	0.01023	-1.00000
59274	un	322564	0.01109	-1.00000	-0.00357	-1.00000	-0.00506	-1.00000
59539	un	323023	0.00142	-1.00000	0.00128	-1.00000	-0.00708	-1.00000
59570	un	323330	-0.01534	-1.00000	-0.00077	-1.00000	0.00039	-1.00000
59623	un	323754	-0.02362	-1.00000	-0.00040	-1.00000	0.00000	-1.00000
59733	un	324055	-0.01149	-1.00000	-0.00777	-1.00000	-0.01345	-1.00000
60017	un	324553	-0.00743	-1.00000	0.00012	-1.00000	0.00185	-1.00000
60082	un	324858	-0.03388	-1.00000	-0.04066	-1.00000	-0.06356	-1.00000
60144	un	325163	0.00186	-1.00000	-0.00163	-1.00000	-0.02007	-1.00000
60313	un	325464	0.06924	-1.00000	0.00228	-1.00000	-0.00081	-1.00000
60344	un	325769	0.06924	-1.00000	0.00228	-1.00000	-0.00081	-1.00000
60405	un	326185	-0.00595	-1.00000	-0.00037	-1.00000	-0.00450	-1.00000
60447	un	326487	0.02442	-1.00000	0.00376	-1.00000	0.00097	-1.00000
60483	un	326787	-0.00228	-1.00000	-0.00176	-1.00000	0.00077	-1.00000
60951	un	327093	-0.01836	-1.00000	-0.00293	-1.00000	-0.00001	-1.00000
61010	un	327424	-0.01314	-1.00000	-0.00014	-1.00000	0.00072	-1.00000
61099	un	327966	-0.02329	-1.00000	-0.00080	-1.00000	-0.00023	-1.00000
61198	un	328266	-0.01037	-1.00000	-0.00058	-1.00000	-0.00011	-1.00000
61213	un	328567	0.00277	-1.00000	0.00083	-1.00000	0.00069	-1.00000
61382	un	328896	-0.01021	-1.00000	-0.00009	-1.00000	-0.00347	-1.00000
61421	un	329176	0.00014	-1.00000	-0.00400	-1.00000	-0.00836	-1.00000
61506	un	329796	-0.00228	-1.00000	0.00181	-1.00000	0.00431	-1.00000
61619	un	330259	-0.01583	-1.00000	-0.01568	-1.00000	-0.04494	-1.00000
61733	un	330562	0.00277	-1.00000	0.00005	-1.00000	0.00000	-1.00000
61753	un	330848	-0.00259	-1.00000	-0.00197	-1.00000	-0.00445	-1.00000
61792	un	331148	0.00835	-1.00000	-0.00059	-1.00000	-0.00445	-1.00000
61852	un	331416	-0.00737	-1.00000	-0.00340	-1.00000	-0.00711	-1.00000
61900	un	331822	-0.00598	-1.00000	-0.00058	-1.00000	-0.00011	-1.00000
61906	un	332123	-0.02340	-1.00000	-0.00118	-1.00000	-0.00016	-1.00000
61936	un	332426	-0.00069	-1.00000	0.00297	-1.00000	0.00654	-1.00000
62059	un	332717	0.00396	-1.00000	-0.00120	-1.00000	-0.00615	-1.00000
62187	un	333033	0.00868	-1.00000	-0.00187	-1.00000	0.00303	-1.00000
62320	un	333333	-0.00258	-1.00000	0.00021	-1.00000	0.00461	-1.00000
62533	un	333635	0.00654	-1.00000	0.00359	-1.00000	0.00741	-1.00000
62587	un	333939	-0.00041	-1.00000	-0.00031	-1.00000	0.00118	-1.00000
62645	un	334245	0.01495	-1.00000	0.00642	-1.00000	0.00673	-1.00000
62980	un	334547	-0.01037	-1.00000	-0.00058	-1.00000	-0.00011	-1.00000
62991	un	334849	-0.00821	-1.00000	-0.00075	-1.00000	0.00233	-1.00000
63058	un	335119	-0.01037	-1.00000	-0.00058	-1.00000	-0.00011	-1.00000
63121	un	335366	-0.02362	-1.00000	-0.00040	-1.00000	0.00000	-1.00000
63364	un	335782	-0.02035	-1.00000	-0.01013	-1.00000	-0.02171	-1.00000
63370	un	336016	-0.01037	-1.00000	-0.00210	-1.00000	-0.00025	-1.00000
63482	un	336361	-0.01037	-1.00000	-0.00058	-1.00000	-0.00011	-1.00000
63583	un	336606	-0.02362	-1.00000	-0.00040	-1.00000	0.00000	-1.00000
63688	un	336929	-0.02272	-1.00000	-0.00141	-1.00000	0.00032	-1.00000
63767	un	337229	-0.01045	-1.00000	0.00041	-1.00000	0.00349	-1.00000
63894	un	337490	-0.00431	-1.00000	-0.00034	-1.00000	0.00060	-1.00000
63950	un	337827	-0.01186	-1.00000	-0.00189	-1.00000	-0.00030	-1.00000
64273	un	338128	0.00662	-1.00000	0.00103	-1.00000	-0.00189	-1.00000
64567	un	338414	0.01993	-1.00000	0.00437	-1.00000	-0.00345	-1.00000
64588	un	338676	-0.01190	-1.00000	-0.00082	-1.00000	0.00110	-1.00000
64832	un	338907	-0.01419	-1.00000	0.01003	-1.00000	0.00916	-1.00000
65146	un	339211	-0.02329	-1.00000	-0.00080	-1.00000	-0.00023	-1.00000
65252	un	339446	-0.02329	-1.00000	-0.00080	-1.00000	-0.00023	-1.00000
65426	un	339701	-0.01477	-1.00000	-0.00058	-1.00000	-0.00011	-1.00000
66094	un	340236	-0.02362	-1.00000	-0.00054	-1.00000	0.00018	-1.00000
66358	un	340499	-0.01145	-1.00000	-0.00143	-1.00000	0.00094	-1.00000
66564	un	340738	0.00982	-1.00000	-0.00051	-1.00000	-0.00541	-1.00000
66632	un	340989	0.00899	-1.00000	0.00147	-1.00000	-0.00065	-1.00000
66653	un	341290	-0.02346	-1.00000	-0.00128	-1.00000	0.00009	-1.00000
66981	un	341530	-0.02209	-1.00000	-0.00123	-1.00000	0.00015	-1.00000
67450	un	341857	-0.03618	-1.00000	-0.02562	-1.00000	-0.03772	-1.00000
67929	un	342250	-0.00283	-1.00000	-0.00138	-1.00000	-0.00436	-1.00000
68326	un	342509	-0.00431	-1.00000	-0.00068	-1.00000	0.00013	-1.00000
68791	un	343001	0.07459	-1.00000	0.01207	-1.00000	0.01607	-1.00000
68960	un	343194	-0.00332	-1.00000	-0.00249	-1.00000	-0.00814	-1.00000
69186	un	343515	0.02223	-1.00000	0.00124	-1.00000	-0.00107	-1.00000
69216	un	343794	0.01846	-1.00000	0.00042	-1.00000	0.00130	-1.00000
70087	un	344321	0.04740	-1.00000	0.00290	-1.00000	-0.00092	-1.00000
70152	un	344564	-0.01037	-1.00000	-0.00058	-1.00000	-0.00011	-1.00000
70430	un	344969	-0.01037	-1.00000	-0.00058	-1.00000	-0.00011	-1.00000
70582	un	345318	-0.01057	-1.00000	-0.00936	-1.00000	-0.02087	-1.00000
70645	un	345549	-0.02599	-1.00000	-0.00391	-1.00000	-0.00875	-1.00000
70666	un	345850	0.01647	-1.00000	0.00000	-1.00000	-0.00364	-1.00000
70703	un	346175	-0.03409	-1.00000	-0.03859	-1.00000	-0.05510	-1.00000
70795	un	346476	-0.00125	-1.00000	-0.00034	-1.00000	-0.00315	-1.00000
70956	un	346758	-0.00844	-1.00000	-0.00264	-1.00000	-0.00519	-1.00000
71365	un	347065	0.02505	-1.00000	0.00157	-1.00000	0.00465	-1.00000
71415	un	347368	-0.00673	-1.00000	-0.00278	-1.00000	0.00201	-1.00000
71777	un	347667	-0.01424	-1.00000	0.00198	-1.00000	0.00354	-1.00000
71941	un	347936	-0.00538	-1.00000	-0.00159	-1.00000	0.00117	-1.00000
72859	un	348619	-0.00419	-1.00000	0.02102	-1.00000	0.01976	-1.00000
72881	un	349039	0.01737	-1.00000	0.00063	-1.00000	-0.00216	-1.00000
72905	un	349251	0.00277	-1.00000	0.00005	-1.00000	0.00000	-1.00000
73042	un	349441	-0.01041	-1.00000	-0.00428	-1.00000	0.00203	-1.00000
73058	un	349729	0.00444	-1.00000	0.00063	-1.00000	-0.00216	-1.00000
74260	un	350000	0.04436	-1.00000	0.00157	-1.00000	0.00137	-1.00000
74368	un	350817	0.05315	-1.00000	0.02419	-1.00000	0.04795	-1.00000
74373	un	351031	-0.01037	-1.00000	-0.00058	-1.00000	-0.00011	-1.00000
74570	un	351718	0.01092	-1.00000	-0.00111	-1.00000	-0.00393	-1.00000
74765	un	352019	0.00082	-1.00000	-0.00069	-1.00000	0.00548	-1.00000
75289	un	352430	-0.00199	-1.00000	-0.00037	-1.00000	0.00482	-1.00000
75608	un	352665	0.01878	-1.00000	0.00170	-1.00000	-0.00106	-1.00000
75734	un	352898	-0.01891	-1.00000	-0.00157	-1.00000	0.00302	-1.00000
75748	un	353160	-0.01544	-1.00000	-0.00258	-1.00000	0.00045	-1.00000
76139	un	353460	-0.02362	-1.00000	-0.00040	-1.00000	0.00000	-1.00000
76425	un	353761	0.04093	-1.00000	0.00181	-1.00000	-0.00042	-1.00000
76486	un	354061	0.00170	-1.00000	-0.00452	-1.00000	-0.00846	-1.00000
76554	un	354375	0.00893	-1.00000	0.00176	-1.00000	0.00623	-1.00000
76711	un	354638	-0.01756	-1.00000	-0.00250	-1.00000	0.00188	-1.00000
77004	un	355217	0.01889	-1.00000	0.00427	-1.00000	0.01609	-1.00000
